Marker Number,Marker Name,Category,Street,City,Marker URL,Photo URL
DE-001,Delaware Public Archives,Historic Location,121 Martin Luther King Jr Blvd N,Dover,,
DE-002,The State of Delaware Historical Markers Program,Social History,121 Martin Luther King Jr Blvd N,Dover,,
KC-001,Duck Creek Hundred,Hundred,5838 Dupont Parkway,Smyrna,https://archives.delaware.gov/delaware-historical-markers/duck-creek-hundred-1/,https://archives.delaware.gov/wp-content/uploads/sites/156/2019/06/kc-1-24.jpg
KC-002,Commodore Jacob Jones,Notable Person,200 South Dupont Boulevard,Smyrna,https://archives.delaware.gov/delaware-historical-markers/commodore-jacob-jones/,https://archives.delaware.gov/wp-content/uploads/sites/156/2019/06/kc-02-24.jpg
KC-003,Duck Creek Hundred,Hundred,4167 South Dupont Boulevard,Smyrna,,
KC-004,Little Creek Hundred,Hundred,,Dover,https://archives.delaware.gov/delaware-historical-markers/little-creek-hundred-4/,https://archives.delaware.gov/wp-content/uploads/sites/156/2019/06/kc-004-25.jpg
KC-005,Little Creek Hundred (Cheswold),Hundred,262 Main Street,Cheswold,https://archives.delaware.gov/delaware-historical-markers/little-creek-hundred-5/,https://archives.delaware.gov/wp-content/uploads/sites/156/2019/06/kc-5-2.jpg
KC-006,Kenton Hundred,Hundred,113 Main Street,Cheswold,https://archives.delaware.gov/delaware-historical-markers/kenton-hundred-6/,https://archives.delaware.gov/wp-content/uploads/sites/156/2019/06/kc-06-25.jpg
KC-007,Kenton Hundred,Hundred,593 Sudlersville Road,Clayton,,
KC-008,Little Creek Hundred,Hundred,"Rt 13, East side of Highway, 4.4 miles north of Dover Green",,,
KC-009,East Dover Hundred,Hundred,"U. S. Route No. 13. West side of highway, 4.4 miles north",Dover,,
KC-010,West Dover Hundred,Hundred,1399 Forrest Avenue,Dover,https://archives.delaware.gov/delaware-historical-markers/west-dover-hundred/,https://archives.delaware.gov/wp-content/uploads/sites/156/2019/06/kc-10.jpg
KC-011,East Dover Hundred,Hundred,"Dover-Marydel Road. South side of highway, 3.7 miles from",,,
KC-012,West Dover Hundred,Hundred,"265 Halltown Road, Marydel, DE 19964",Marydel,https://archives.delaware.gov/delaware-historical-markers/west-dover-hundred-12/,https://archives.delaware.gov/wp-content/uploads/sites/156/2025/02/kc-12-25.jpg
KC-013,East Dover Hundred,Hundred,2015 S. Dupont Highway,Dover,https://archives.delaware.gov/delaware-historical-markers/east-dover-hundred-13/,https://archives.delaware.gov/wp-content/uploads/sites/156/2019/06/kc-13-2.jpg
KC-014,North Murderkill Hundred,Hundred,,,,
KC-015,North Murderkill Hundred,Hundred,9241 S. Dupont Highway,Felton,https://archives.delaware.gov/delaware-historical-markers/north-murderkill-hundred/,https://archives.delaware.gov/wp-content/uploads/sites/156/2019/06/kc-15-25.jpg
KC-016,South Murderkill Hundred,Hundred,,,,
KC-017,Captain Jonathan Caldwell,Notable Person,256 Midstate Road,Felton,https://archives.delaware.gov/delaware-historical-markers/captain-jonathan-caldwell/,https://archives.delaware.gov/wp-content/uploads/sites/156/2019/06/kc-17-2.jpg
KC-018,South Murderkill Hundred,Hundred,,,,
KC-019,Mispillion Hundred,Hundred,,,,
KC-020,Mispillion Hundred,Hundred,,,,
KC-021,East Dover Hundred,Hundred,,,,
KC-022,North Murderkill Hundred,Hundred,,,,
KC-023,North Murderkill Hundred,Hundred,,,,
KC-024,South Murderkill Hundred,Hundred,,,,
KC-025,Barratt's Chapel (Cradle of Methodism in America),House of Worship,6486 Bay Road,Frederica,https://archives.delaware.gov/delaware-historical-markers/barratts-chapel-25/,https://archives.delaware.gov/wp-content/uploads/sites/156/2025/11/kc-25-25.jpg
KC-026,South Murderkill Hundred,Hundred,,,,
KC-027,Milford Hundred,Hundred,,,,
KC-028,Milford (Odd Fellows),City / Town,909 N. Walnut Street,Milford,https://archives.delaware.gov/delaware-historical-markers/milford-28/,https://archives.delaware.gov/wp-content/uploads/sites/156/2025/05/kc-28-25.jpg
KC-029,Milford (Carlisle),City / Town,501 North West Front Street,Milford,https://archives.delaware.gov/delaware-historical-markers/milford-29/,https://archives.delaware.gov/wp-content/uploads/sites/156/2019/06/kc_029-2.jpg
KC-030,Milford Hundred,Hundred,,,,
KC-031,Milford Hundred,Hundred,,,,
KC-032,Belmont Hall,Historic Location,217 Smyrna Leipsic Road,Smyrna,https://archives.delaware.gov/delaware-historical-markers/belmont-hall/,https://archives.delaware.gov/wp-content/uploads/sites/156/2022/05/KC_32_1325-003-036_k32p_Belmont_Hall.jpg
KC-033,Home of John Dickinson,Historic Location,300 Kitts Hummock Road,Dover,https://archives.delaware.gov/delaware-historical-markers/home-of-john-dickinson/,https://archives.delaware.gov/wp-content/uploads/sites/156/2019/06/kc-33-24.jpg
KC-034,Dover (Silver Lake),City / Town,879 North State Street,Dover,https://archives.delaware.gov/delaware-historical-markers/dover-34/,https://archives.delaware.gov/wp-content/uploads/sites/156/2019/06/kc-34-2.jpg
KC-035,Dover (Loockerman Plaza),City / Town,Legislative Ave & Loockerman Plaza,Dover,https://archives.delaware.gov/delaware-historical-markers/dover-35/,https://archives.delaware.gov/wp-content/uploads/sites/156/2025/12/kc-35-25.jpg
KC-036,Dover (Forrest Ave),City / Town,904 Forest Street,Dover,,
KC-037,Dover (S. Governors Ave),City / Town,Dover-bound side of Puncheon Run bridge on S. Governors Avenue,Dover,,
KC-038,Dover (S. State St.),City / Town,1275 South State Street,Dover,https://archives.delaware.gov/delaware-historical-markers/dover-38/,https://archives.delaware.gov/wp-content/uploads/sites/156/2019/06/kc-38-24.jpg
KC-039,Old Christ Church (Dover),House of Worship,523 South State Street,Dover,https://archives.delaware.gov/delaware-historical-markers/old-christ-church-39/,https://archives.delaware.gov/wp-content/uploads/sites/156/2019/06/kc_39.jpg
KC-040,Octagonal School House,School,6926 Bayside Drive,Dover,https://archives.delaware.gov/delaware-historical-markers/octagonal-school-house/,https://archives.delaware.gov/wp-content/uploads/sites/156/2019/06/kc-40-24.jpg
KC-041,Camden,City / Town,405 E. Camden Wyoming Road,Camden,,
KC-042,Delaware State College,School,1200 North Dupont Highway,Dover,https://archives.delaware.gov/delaware-historical-markers/delaware-state-college/,https://archives.delaware.gov/wp-content/uploads/sites/156/2019/06/kc-42-24.jpg
KC-043,Bishop Richard Allen,Notable Person,Loockerman & Federal Streets,Dover,https://archives.delaware.gov/delaware-historical-markers/bishop-richard-allen/,https://archives.delaware.gov/wp-content/uploads/sites/156/2022/02/01_richard_allen_marker.jpg
KC-044,St. Jones Neck: Site of Settlement in the 1660's,Historic Location,818 Kitts Hummock Road,Dover,https://archives.delaware.gov/delaware-historical-markers/st-jones-neck-site-settlement-1660s/,https://archives.delaware.gov/wp-content/uploads/sites/156/2019/06/kc-44-24.jpg
KC-045,Delaware State College High School,School,"Student Health Center, Delaware State Univeristy",Dover,https://archives.delaware.gov/delaware-historical-markers/delaware-state-college-high-school/,https://archives.delaware.gov/wp-content/uploads/sites/156/2019/06/kc_045.jpg
KC-046,Home of Judge Thomas White- Refuge of Francis Asbury,Historic Location,1355 Whiteleysburg Road,Harrington,https://archives.delaware.gov/delaware-historical-markers/home-judge-thomas-white-refuge-francis-asbury/,https://archives.delaware.gov/wp-content/uploads/sites/156/2019/06/kc-46-25.jpg
KC-047,Clark's Corner,Historic Location,4 Mechanic Street,Harrington,https://archives.delaware.gov/delaware-historical-markers/clarks-corner/,https://archives.delaware.gov/wp-content/uploads/sites/156/2024/08/kc-47-24.jpg
KC-048,Harrington (East Side),City / Town,7047 Milford Harrington Highway,Harrington,,
KC-049,Harrington (West Side),City / Town,8358 Vernon Road,Harrington,https://archives.delaware.gov/delaware-historical-markers/harrington/,https://archives.delaware.gov/wp-content/uploads/sites/156/2019/06/kc-049-25.jpg
KC-050,Star Hill A.M.E. Church,House of Worship,357 Voshells Mill Star Hill Road,Dover,https://archives.delaware.gov/delaware-historical-markers/star-hill-ame-church/,https://archives.delaware.gov/wp-content/uploads/sites/156/2019/06/kc-50-24.jpg
KC-051,Delaware State Fair,Social History,Holloway Street (Inside Delaware State Fairgrounds),Harrington,https://archives.delaware.gov/delaware-historical-markers/delaware-state-fair/,https://archives.delaware.gov/wp-content/uploads/sites/156/2019/06/kc-51-24.jpg
KC-052,Thomas' Chapel (Chapeltown),House of Worship,2810 Westville Road,Marydel,https://archives.delaware.gov/delaware-historical-markers/thomas-chapel-chapeltown/,https://archives.delaware.gov/wp-content/uploads/sites/156/2019/06/kc-52-25.jpg
KC-053,Byfield,Historic Location,998 Bergold Lane,Dover,https://archives.delaware.gov/delaware-historical-markers/byfield/,https://archives.delaware.gov/wp-content/uploads/sites/156/2019/06/kc-53-2.jpg
KC-054,Town of Felton,City / Town,West Main Street & East Railroad Avenue,Felton,https://archives.delaware.gov/delaware-historical-markers/town-of-felton/,https://archives.delaware.gov/wp-content/uploads/sites/156/2025/12/kc-54-25.jpg
KC-055,Brecknock,Historic Location,80 Old Camden Road,Camden,https://archives.delaware.gov/delaware-historical-markers/brecknock/,https://archives.delaware.gov/wp-content/uploads/sites/156/2019/06/kc-55-25.jpg
KC-056,Site of Old Asbury Methodist Church (Smyrna),House of Worship,126 N. Delaware Street,Smyrna,https://archives.delaware.gov/delaware-historical-markers/site-old-asbury-methodist-church/,https://archives.delaware.gov/wp-content/uploads/sites/156/2019/06/kc-56-3.jpg
KC-057,Geographic Center of Delaware,Geography,1345 Midstate Road,Felton,https://archives.delaware.gov/delaware-historical-markers/geographic-center-delaware/,https://archives.delaware.gov/wp-content/uploads/sites/156/2019/06/kc-57-25.jpg
KC-058,Immigrant Jewish Farmers,Social History,154 Kersey Road,Viola,https://archives.delaware.gov/delaware-historical-markers/immigrant-jewish-farms/,https://archives.delaware.gov/wp-content/uploads/sites/156/2019/06/kc-35-25.jpg
KC-059,Town of Clayton,City / Town,300 Main Street,Clayton,https://archives.delaware.gov/delaware-historical-markers/clayton/,https://archives.delaware.gov/wp-content/uploads/sites/156/2019/06/kc-59-2.jpg
KC-060,Loockerman Hall,Historic Location,"Loockerman Hall, 1200 N. Dupont Highway",Dover,https://archives.delaware.gov/delaware-historical-markers/loockerman-hall/,https://archives.delaware.gov/wp-content/uploads/sites/156/2019/06/kc-60-2.jpg
KC-060A,Home of Allen McLane,Historic Location,40 West Mount Vernon Street,Smyrna,https://archives.delaware.gov/delaware-historical-markers/home-of-allen-mclane/,https://archives.delaware.gov/wp-content/uploads/sites/156/2019/06/kc-60a.jpg
KC-061,First Rural Free Delivery Route,Historic Location,2 Commerce Street,Harrington,https://archives.delaware.gov/delaware-historical-markers/first-rural-free-delivery-route/,https://archives.delaware.gov/wp-content/uploads/sites/156/2019/06/kc-61-2.jpg
KC-061A,Todd's Chapel United Methodist Church,House of Worship,102 Todds Chapel Road,Greenwood,https://archives.delaware.gov/delaware-historical-markers/todds-chapel-united-methodist-church/,https://archives.delaware.gov/wp-content/uploads/sites/156/2019/06/kc-61a-2.jpg
KC-062,Caesar Rodney,Notable Person,239 Old North Road,Camden,https://archives.delaware.gov/delaware-historical-markers/caesar-rodney-kc62/,https://archives.delaware.gov/wp-content/uploads/sites/156/2019/06/KC_062.jpeg
KC-063,Town of Wyoming,City / Town,1 North Railroad Avenue,Wyoming,https://archives.delaware.gov/delaware-historical-markers/town-of-wyoming/,https://archives.delaware.gov/wp-content/uploads/sites/156/2025/10/kc-63-25.jpg
KC-064,Bethel Methodist Church (Andrewsville),House of Worship,2612 Andrewville Road,Harrington,https://archives.delaware.gov/delaware-historical-markers/bethel-methodist-church/,https://archives.delaware.gov/wp-content/uploads/sites/156/2019/06/kc-64-2.jpg
KC-065,Site of Milford's First Methodist Church,House of Worship,301 North Street,Milford,https://archives.delaware.gov/delaware-historical-markers/milfords-first-methodist-church/,https://archives.delaware.gov/wp-content/uploads/sites/156/2025/12/kc-65-25.jpg
KC-066,Town of Kenton,City / Town,265 South Main Street,Kenton,https://archives.delaware.gov/delaware-historical-markers/town-of-kenton/,https://archives.delaware.gov/wp-content/uploads/sites/156/2019/06/kc-66-2.jpg
KC-067,First in the World Post #14 American Legion Ambulance Service,Historic Location,900 Smyrna Clayton Blvd,Smyrna,https://archives.delaware.gov/delaware-historical-markers/first-in-the-world-post-14-american-legion-ambulance-service/,https://archives.delaware.gov/wp-content/uploads/sites/156/2022/04/KC_67.jpg
KC-068,Hangar 1301,Historic Location,1301 Heritage Road,Dover,https://archives.delaware.gov/delaware-historical-markers/hangar-1301/,https://archives.delaware.gov/wp-content/uploads/sites/156/2019/06/kc-68-24.jpg
KC-069,Mason-Dixon Crownstone,Geography,257 Halltown Road,Marydel,https://archives.delaware.gov/delaware-historical-markers/mason-dixon-crownstone/,https://archives.delaware.gov/wp-content/uploads/sites/156/2025/11/kc-69-25.jpg
KC-070,Site of Dover's First Methodist Church,House of Worship,255 South Queen Street,Dover,https://archives.delaware.gov/delaware-historical-markers/dovers-first-methodist-church/,https://archives.delaware.gov/wp-content/uploads/sites/156/2019/06/kc-70-2024.jpg
KC-071,Wesley College,School,101 North State Street,Dover,https://archives.delaware.gov/delaware-historical-markers/wesley-college/,https://archives.delaware.gov/wp-content/uploads/sites/156/2019/06/kc_71-2.jpg
KC-072,Camden,City / Town,261 E. Camden Wyoming Avenue,Camden,https://archives.delaware.gov/delaware-historical-markers/camden-72/,https://archives.delaware.gov/wp-content/uploads/sites/156/2019/06/kc-72-25.jpg
KC-073,Camden Friends Meeting (Burial Place of John Hunn),House of Worship,122 E. Camden Wyoming Avenue,Camden,https://archives.delaware.gov/delaware-historical-markers/camden-friends-meeting-burial-place-of-john-hunn/,https://archives.delaware.gov/wp-content/uploads/sites/156/2019/06/kc-73-25.jpg
KC-074,Site of Blackiston Methodist Church,House of Worship,2099 Blackiston Church Road,Clayton,https://archives.delaware.gov/delaware-historical-markers/blackiston-methodist-church/,https://archives.delaware.gov/wp-content/uploads/sites/156/2019/06/kc-74-25.jpg
KC-075,William W.M. Henry Comprehensive High School,School,34 Carver Road,Dover,https://archives.delaware.gov/delaware-historical-markers/william-w-m-henry-comprehensive-high-school/,https://archives.delaware.gov/wp-content/uploads/sites/156/2019/06/kc-75.jpg
KC-076,Golden Fleece Tavern,Historic Location,1 The Green,Dover,https://archives.delaware.gov/delaware-historical-markers/golden-fleece-tavern/,https://archives.delaware.gov/wp-content/uploads/sites/156/2019/06/kc-76-2.jpg
KC-077,Smyrna Opera House and Old Town Hall,Historic Location,101 S. Main Street,Smyrna,https://archives.delaware.gov/delaware-historical-markers/smyrna-opera-house-and-town-hall/,https://archives.delaware.gov/wp-content/uploads/sites/156/2019/06/kc-77-24.jpg
KC-078,Sgt. John B. Maberry,Notable Person,111 Glenwood Avenue,Smyrna,https://archives.delaware.gov/delaware-historical-markers/sgt-john-b-maberry/,https://archives.delaware.gov/wp-content/uploads/sites/156/2019/06/kc-78-25.jpg
KC-079,Wesley United Methodist Church,House of Worship,223 S. State Street,Dover,https://archives.delaware.gov/delaware-historical-markers/wesley-united-methodist-church-79/,https://archives.delaware.gov/wp-content/uploads/sites/156/2019/06/kc-079-25.jpg
KC-080,Kitts Hummock,City / Town,3076 Kitts Hummock Road,Dover,https://archives.delaware.gov/delaware-historical-markers/kitts-hummock/,https://archives.delaware.gov/wp-content/uploads/sites/156/2025/05/kc-80-25.jpg
KC-081,Site of Duck Creek Presbyterian Church,House of Worship,299 Main Street,Smyrna,https://archives.delaware.gov/delaware-historical-markers/duck-creek-presbyterian-church/,https://archives.delaware.gov/wp-content/uploads/sites/156/2019/06/kc-81-25.jpg
KC-082,"Morning Star Institutional Church of God in Christ, Inc.",House of Worship,225 East Camden Wyoming Avenue,Camden,https://archives.delaware.gov/delaware-historical-markers/morning-star-institutional-church-of-god-in-christ-inc/,https://archives.delaware.gov/wp-content/uploads/sites/156/2019/06/kc-82-2-.jpg
KC-083,Cheswold Volunteer Fire Company,Historic Location,371 Main Street,Cheswold,https://archives.delaware.gov/delaware-historical-markers/cheswold-volunteer-fire-company/,https://archives.delaware.gov/wp-content/uploads/sites/156/2019/06/kc-83-25.jpg
KC-084,Site of Green Pottery,Social History,112 N. Main Street,Smyrna,https://archives.delaware.gov/delaware-historical-markers/green-pottery/,https://archives.delaware.gov/wp-content/uploads/sites/156/2019/06/KC_084.jpg
KC-085,The Barracks,Historic Location,11 S. Main Street,Smyrna,https://archives.delaware.gov/delaware-historical-markers/the-barracks/,https://archives.delaware.gov/wp-content/uploads/sites/156/2019/06/kc_085.jpg
KC-086,Former Site of ILC Dover,Historic Location,350 Pear Street,Dover,https://archives.delaware.gov/delaware-historical-markers/former-site-of-ilc-dover/,https://archives.delaware.gov/wp-content/uploads/sites/156/2019/06/kc-086-24.jpg
KC-087,Calvary Baptist Church,House of Worship,410 Fulton Street,Dover,https://archives.delaware.gov/delaware-historical-markers/calvary-baptist-church/,https://archives.delaware.gov/wp-content/uploads/sites/156/2019/06/kc-87-25.jpg
KC-088,Booker T. Washington School,Historic Location,901 Forest Street,Dover,https://archives.delaware.gov/delaware-historical-markers/booker-t-washington-school-kc88/,https://archives.delaware.gov/wp-content/uploads/sites/156/2019/06/kc-88-24.jpg
KC-089,The Capitol Theater,Historic Location,241 S. State Street,Dover,https://archives.delaware.gov/delaware-historical-markers/capitol-theater/,https://archives.delaware.gov/wp-content/uploads/sites/156/2019/06/kc-89-24.jpg
KC-090,Murderkill / Motherkiln Friends Meeting,House of Worship,5165 S. State Street,Magnolia,https://archives.delaware.gov/delaware-historical-markers/murderkill-motherkiln-friends-meeting/,https://archives.delaware.gov/wp-content/uploads/sites/156/2019/06/kc-090-2.jpg
KC-091,Warner Mifflin 1745-1798,Notable Person,5165 S. State Street,Magnolia,https://archives.delaware.gov/delaware-historical-markers/warner-mifflin/,https://archives.delaware.gov/wp-content/uploads/sites/156/2019/06/kc-91-25.jpg
KC-092,Parson Thorne Mansion (Silver Hill),Historic Location,501 NW Front Street,Milford,https://archives.delaware.gov/delaware-historical-markers/parson-thorne-mansion-silver-hill/,https://archives.delaware.gov/wp-content/uploads/sites/156/2019/06/kc-092-24.jpg
KC-093,Barratt's Chapel,House of Worship,6362 Bay Road,Frederica,https://archives.delaware.gov/delaware-historical-markers/barratts-chapel-93/,https://archives.delaware.gov/wp-content/uploads/sites/156/2019/06/kc-93-2.jpg
KC-094,Site of Kent County's First Presbyterian Church,House of Worship,316 South Governor’s Avenue,Dover,https://archives.delaware.gov/delaware-historical-markers/kent-countys-first-presbyterian-church/,https://archives.delaware.gov/wp-content/uploads/sites/156/2019/06/kc-094-24.jpg
KC-095,Cow Marsh Primitive Baptist Church,House of Worship,2955 Willow Grove Road,Sandtown,https://archives.delaware.gov/delaware-historical-markers/cow-marsh-primitive-baptist-church/,https://archives.delaware.gov/wp-content/uploads/sites/156/2019/06/kc-95-25.jpg
KC-096,Delaware Public Archives,Historic Location,"121 Martin Luther King, Jr., Blvd",Dover,https://archives.delaware.gov/delaware-historical-markers/delaware-public-archives/,https://archives.delaware.gov/wp-content/uploads/sites/156/2025/12/kc-96-25.jpg
KC-097,Cheney Clow's Rebellion,Historic Location,639 Sudlersville Road,Hartly,https://archives.delaware.gov/delaware-historical-markers/cheney-clows-rebellion/,https://archives.delaware.gov/wp-content/uploads/sites/156/2019/06/kc-97.jpg
KC-098,"Union Lodge No. 7, A.F. & A. M.",Social History,1478 Wyoming Mill Road,Dover,https://archives.delaware.gov/delaware-historical-markers/union-lodge-no-7-a-f-a-m/,https://archives.delaware.gov/wp-content/uploads/sites/156/2019/06/kc-98-25.jpg
KC-099,Coming of the Railroad,Social History,9 North Railroad Avenue,Wyoming,https://archives.delaware.gov/delaware-historical-markers/coming-of-the-railroad/,https://archives.delaware.gov/wp-content/uploads/sites/156/2019/06/kc-99-24.jpg
KC-100,Site of Whatcoat Church,House of Worship,112 S. Main Street,Camden,https://archives.delaware.gov/delaware-historical-markers/site-first-whatcoat-church/,https://archives.delaware.gov/wp-content/uploads/sites/156/2019/06/kc-100-2.jpg
KC-101,Christ Church (Mispillion Milford),House of Worship,200 Church Street,Milford,https://archives.delaware.gov/delaware-historical-markers/christ-church/,https://archives.delaware.gov/wp-content/uploads/sites/156/2019/06/kc-101-24.jpg
KC-102,School District #5,School,110 West South Street,Smyrna,https://archives.delaware.gov/delaware-historical-markers/school-district-no-5/,https://archives.delaware.gov/wp-content/uploads/sites/156/2019/06/kc-102-24.jpg
KC-103,Thomas D. Clayton School,School,80 Monrovia Avenue,Smyrna,https://archives.delaware.gov/delaware-historical-markers/thomas-d-clayton-school/,https://archives.delaware.gov/wp-content/uploads/sites/156/2019/06/kc-103-25.jpg
KC-104,Rescue House Of Prayer Temple of Deliverance,House of Worship,203 Church Street,Felton,https://archives.delaware.gov/delaware-historical-markers/rescue-house-prayer-temple-deliverance/,https://archives.delaware.gov/wp-content/uploads/sites/156/2019/06/kc-104-25.jpg
KC-105,Felton Railroad Station,Historic Location,210 East Railroad Avenue,Felton,https://archives.delaware.gov/delaware-historical-markers/felton-train-station/,https://archives.delaware.gov/wp-content/uploads/sites/156/2019/06/kc_105-2.jpg
KC-106,Citizens' Hose Company No. 1,Historic Location,103 West Commerce Street,Smyrna,https://archives.delaware.gov/delaware-historical-markers/citizens-hose-company/,https://archives.delaware.gov/wp-content/uploads/sites/156/2019/06/kc-106-2.jpg
KC-107,Mount Zion African Methodist Episcopal Church,House of Worship,101 North Queen Street,Dover,https://archives.delaware.gov/delaware-historical-markers/mt-zion-ame-church/,https://archives.delaware.gov/wp-content/uploads/sites/156/2024/03/kc-107-3.jpg
KC-108,Roby United Methodist Church,House of Worship,255 North Main Street,Leipsic,https://archives.delaware.gov/delaware-historical-markers/roby-methodist-church/,https://archives.delaware.gov/wp-content/uploads/sites/156/2025/09/kc-108-25.jpg
KC-109,Griffith's Chapel,House of Worship,3620 Williamsville Road,Houston,https://archives.delaware.gov/delaware-historical-markers/griffiths-chapel/,https://archives.delaware.gov/wp-content/uploads/sites/156/2023/12/KC-109.jpg
KC-110,Zion African Methodist Episcopal Church,House of Worship,20 Center Street,Camden,https://archives.delaware.gov/delaware-historical-markers/zion-african-methodist-episcopal/,https://archives.delaware.gov/wp-content/uploads/sites/156/2019/06/kc-110-2.jpg
KC-111,Bethel African Methodist Episcopal Church,House of Worship,205 N.W. 4th Street,Milford,https://archives.delaware.gov/delaware-historical-markers/bethel-african-methodist-episcopal-church/,https://archives.delaware.gov/wp-content/uploads/sites/156/2019/06/kc-111-24.jpg
KC-112,Byrd's African Methodist Episcopal Church,House of Worship,131 Dickerson Street,Clayton,https://archives.delaware.gov/delaware-historical-markers/byrds-african-methodist-episcopal-church/,https://archives.delaware.gov/wp-content/uploads/sites/156/2019/06/kc-112.jpg
KC-113,Union Cemetery,Historic Location,45 Monrovia Avenue,Smyrna,https://archives.delaware.gov/delaware-historical-markers/union-cemetery/,https://archives.delaware.gov/wp-content/uploads/sites/156/2019/06/kc_113.jpg
KC-114,Colonel John Haslet,Notable Person,1128 Airport Road,Milford,https://archives.delaware.gov/delaware-historical-markers/colonel-john-haslet/,https://archives.delaware.gov/wp-content/uploads/sites/156/2019/06/kc-114-25.jpg
KC-115,Observation Tower at Big Stone Beach,Historic Location,220 S. Big Stone Beach Drive,Milford,https://archives.delaware.gov/delaware-historical-markers/observation-tower-at-big-stone-beach/,https://archives.delaware.gov/wp-content/uploads/sites/156/2019/06/kc_115_2.jpg
KC-116,Caesar Rodney School District,School,14 Front Street,Wyoming,https://archives.delaware.gov/delaware-historical-markers/caesar-rodney-school-district/,https://archives.delaware.gov/wp-content/uploads/sites/156/2019/06/kc-116-24.jpg
KC-117,Eden Hill Farm,Historic Location,800 W. North Street,Dover,https://archives.delaware.gov/delaware-historical-markers/eden-hill/,https://archives.delaware.gov/wp-content/uploads/sites/156/2019/06/kc-117-24.jpg
KC-118,Samuel D. Burris,Notable Person,Intersection of Henry Cowgill Road and Willow Grove Road,Camden,https://archives.delaware.gov/delaware-historical-markers/samuel-burris/,https://archives.delaware.gov/wp-content/uploads/sites/156/2019/06/kc-118-2.jpg
KC-119,Annie Jump Cannon,Notable Person,34 S. State Street,Dover,https://archives.delaware.gov/delaware-historical-markers/annie-jump-cannon/,https://archives.delaware.gov/wp-content/uploads/sites/156/2019/06/kc-119-24.jpg
KC-120,Laws Chapel,House of Worship,4874 Carpenter Bridge Road,Felton,https://archives.delaware.gov/delaware-historical-markers/laws-chapel/,https://archives.delaware.gov/wp-content/uploads/sites/156/2023/04/kc-120-23l.jpg
KC-121,Town of Bowers,City / Town,3249 Main Street,Bowers,https://archives.delaware.gov/delaware-historical-markers/town-of-bowers/,https://archives.delaware.gov/wp-content/uploads/sites/156/2019/06/kc121-2.jpg
KC-122,St. Paul African Methodist Episcopal (A.M.E.) Church,House of Worship,103 West Mispillion Street,Harrington,https://archives.delaware.gov/delaware-historical-markers/st-paul-ame-church/,https://archives.delaware.gov/wp-content/uploads/sites/156/2019/06/kc-122-24.jpg
KC-123,Former Site of Whitehall Plantation,Historic Location,2610 Whitehall Neck Rd,Smyrna,https://archives.delaware.gov/delaware-historical-markers/former-site-of-whitehall-plantation/,https://archives.delaware.gov/wp-content/uploads/sites/156/2025/10/kc-123-25.jpg
KC-124,Little Creek United Methodist Church,House of Worship,240 Main Street,Little Creek,https://archives.delaware.gov/delaware-historical-markers/little-creek-united-methodist-church/,https://archives.delaware.gov/wp-content/uploads/sites/156/2019/06/kc-124-24.jpg
KC-125,St. Peter's Episcopal Church,House of Worship,523 North Main Street,Smyrna,https://archives.delaware.gov/delaware-historical-markers/st-peters-episcopal-church-2/,https://archives.delaware.gov/wp-content/uploads/sites/156/2019/06/kc-125-24.jpg
KC-126,Town of Little Creek,City / Town,63 Main Street,Little Creek,https://archives.delaware.gov/delaware-historical-markers/town-of-little-creek/,https://archives.delaware.gov/wp-content/uploads/sites/156/2025/09/kc-126-25.jpg
KC-127,Town of Farmington,City / Town,243 Main Street,Greenwood,https://archives.delaware.gov/delaware-historical-markers/town-of-farmington/,https://archives.delaware.gov/wp-content/uploads/sites/156/2019/06/kc-127-24.jpg
KC-128,Dover International Speedway,Social History,99 Plaza Drive,Dover,https://archives.delaware.gov/delaware-historical-markers/dover-international-speedway/,https://archives.delaware.gov/wp-content/uploads/sites/156/2019/06/kc_128.jpg
KC-129,Dover Downs,Social History,1131 N Dupont Hwy,Dover,https://archives.delaware.gov/delaware-historical-markers/dover-downs/,https://archives.delaware.gov/wp-content/uploads/sites/156/2019/06/kc-129-25.jpg
KC-130,Kent County Theatre Guild,Social History,140 Roosevelt Avenue,Dover,https://archives.delaware.gov/delaware-historical-markers/kent-county-theatre-guild/,https://archives.delaware.gov/wp-content/uploads/sites/156/2019/06/kc-130-25.jpg
KC-131,Delaware's Struggle for Women's Right to Vote,Social History,25 The Green,Dover,https://archives.delaware.gov/delaware-historical-markers/delawares-struggle-for-womens-right-to-vote/,https://archives.delaware.gov/wp-content/uploads/sites/156/2019/06/kc-131.jpg
KC-132,Site of Carlisle African Methodist Episcopal Church,House of Worship,2276 Sharon Hill Rd,Dover,https://archives.delaware.gov/delaware-historical-markers/site-of-carlisle-african-methodist-episcopal-church/,https://archives.delaware.gov/wp-content/uploads/sites/156/2019/06/kc-132-24.jpg
KC-133,Brinkley Hill,Historic Location,239 Old North Road,Camden,,
KC-134,Banning Meeting House,House of Worship,3843 S. State Street,Camden-Wyoming,https://archives.delaware.gov/delaware-historical-markers/banning-meeting-house/,https://archives.delaware.gov/wp-content/uploads/sites/156/2025/09/kc-134-25.jpg
KC-135,DSU Civilian Pilot Training Program,Social History,,,,
KC-136,Not assigned,,,,,
KC-137,Mt. Olive Holiness Pentecostal Church,House of Worship,139 E. North Street,Smyrna,https://archives.delaware.gov/delaware-historical-markers/mt-olive-holiness-pentecostal-church/,https://archives.delaware.gov/wp-content/uploads/sites/156/2025/11/kc-137-25.jpg
KC-138,"Woodburn, The Governor's House",,,,,
KC-A1,The Allee House,Historic Location,1576 Hay Point Landing Road,Smyrna,https://archives.delaware.gov/delaware-historical-markers/the-allee-house/,https://archives.delaware.gov/wp-content/uploads/sites/156/2019/06/kc-a1-1-24.jpg
KC-A10,Woodburn,Historic Location,151 Kings Highway,Dover,,
KC-A11,Old Presbyterian Church,House of Worship,316 South Governors Avenue,Dover,https://archives.delaware.gov/delaware-historical-markers/old-presbyterian-church-dover/,https://archives.delaware.gov/wp-content/uploads/sites/156/2025/10/kc-a11-25.jpg
KC-A12,Kent County Courthouses 1680-1983,Historic Location,38 The Green,Dover,https://archives.delaware.gov/delaware-historical-markers/kent-county-courthouses-1680-1983/,https://archives.delaware.gov/wp-content/uploads/sites/156/2019/06/kc-a12-25.jpg
KC-A2,Caesar Rodney,Notable Person,523 South State Street,Dover,https://archives.delaware.gov/delaware-historical-markers/caesar-rodney-kca2/,https://archives.delaware.gov/wp-content/uploads/sites/156/2019/06/kc-a2-2.jpg
KC-A3,Nicholas Ridgely,Notable Person,523 South State Street,Dover,https://archives.delaware.gov/delaware-historical-markers/nicholas-ridgely/,https://archives.delaware.gov/wp-content/uploads/sites/156/2019/06/kc-a3-2.jpg
KC-A4,Ridgely House,Historic Location,7 The Green,Dover,https://archives.delaware.gov/delaware-historical-markers/ridgely-house-built-1728/,https://archives.delaware.gov/wp-content/uploads/sites/156/2025/10/kc-a4-25.jpg
KC-A5,Site of King George's Tavern,Historic Location,South East Side of the Green,Dover,https://archives.delaware.gov/delaware-historical-markers/king-georges-tavern/,https://archives.delaware.gov/wp-content/uploads/sites/156/2019/06/kc-a5-24.jpg
KC-A6,State House,Historic Location,25 The Green,Dover,https://archives.delaware.gov/delaware-historical-markers/state-house/,https://archives.delaware.gov/wp-content/uploads/sites/156/2025/12/kc-a6-25.jpg
KC-A7,Colonel John Haslet,Notable Person,316 South Governor's Avenue,Dover,https://archives.delaware.gov/delaware-historical-markers/colonel-john-haslet-a7/,https://archives.delaware.gov/wp-content/uploads/sites/156/2019/06/kc-a7-2.jpg
KC-A8,John M. Clayton,Notable Person,316 South Governor's Avenue,Dover,https://archives.delaware.gov/delaware-historical-markers/john-clayton/,https://archives.delaware.gov/wp-content/uploads/sites/156/2025/09/kc-a8-25.jpg
KC-A9,Dover Light Infantry,Social History,"411 Legislative Avenue, Dover, DE 19901",Dover,https://archives.delaware.gov/delaware-historical-markers/dover-light-infantry/,https://archives.delaware.gov/wp-content/uploads/sites/156/2025/11/kc-a9-25-1.jpg
NCC-001,Block House,Historic Location,1 Naamans Rd,Claymont,,
NCC-002,Robinson House,Historic Location,1 Naamans Rd,Claymont,,
NCC-003,Naaman's Creek,Historic Location,Rt. 13 Phila. Pike & Naamans Corner,Claymont,,
NCC-004,Naaman's Bridge,Historic Location,"Rt 13 .5 miles south of State Line, west side of highway",Claymont,,
NCC-005,Newark Union,House of Worship,52 Baynard Blvd,Wilmington,https://archives.delaware.gov/delaware-historical-markers/newark-union/,https://archives.delaware.gov/wp-content/uploads/sites/156/2019/06/ncc-005.jpg
NCC-006,Gunning Bedford Jr,Notable Person,1611 Concord Pike,Wilmington,https://archives.delaware.gov/delaware-historical-markers/gunning-bedford-jr/,https://archives.delaware.gov/wp-content/uploads/sites/156/2019/06/nc-6.jpg
NCC-007,Encampment of Continental Troops 1777,Historic Location,1400 Lovering Avenue,Wilmington,https://archives.delaware.gov/delaware-historical-markers/encampment-of-continental-troops-1777/,https://archives.delaware.gov/wp-content/uploads/sites/156/2019/06/ncc-007-2.jpg
NCC-008,Old Swedes Church,House of Worship,606 N Church Street Marker is on southern side of cemetery near railroad tracks,Wilmington,,
NCC-009,The Rocks,Historic Location,On bank of Christiana River N.E. of Landing Place at 4th Street Wharf,Wilmington,,
NCC-010,Eden Park (Formerly Monckton Park),Historic Location,901 New Castle Avenue,Wilmington,,
NCC-011,Site of Crane Hook Church,House of Worship,3074 New Castle Avenue,Wilmington,,
NCC-012,Long Hook Farm,Historic Location,,,,
NCC-013,New Castle Common,Historic Location,25 East 2nd Street,New Castle,https://archives.delaware.gov/delaware-historical-markers/new-castle-common/,https://archives.delaware.gov/wp-content/uploads/sites/156/2019/06/ncc-13-2.jpg
NCC-014,New Castle Common,Historic Location,123 N. Dupont Highway,New Castle,,
NCC-015,Buena Vista,Historic Location,661 S. Dupont Highway,New Castle,https://archives.delaware.gov/delaware-historical-markers/buena-vista-15/,https://archives.delaware.gov/wp-content/uploads/sites/156/2019/06/mc-15-25.jpg
NCC-016,Commodore Thomas MacDonough,Notable Person,2501 Dupont Parkway,Middletown,https://archives.delaware.gov/delaware-historical-markers/commodore-thomas-macdonough/,https://archives.delaware.gov/wp-content/uploads/sites/156/2019/06/nc-16-2.jpg
NCC-017,Old Drawyers,House of Worship,2839 Dupont Parkway,Middletown,,
NCC-018,Odessa,City / Town,412 North 6th Street,Odessa,https://archives.delaware.gov/delaware-historical-markers/odessa/,https://archives.delaware.gov/wp-content/uploads/sites/156/2019/06/nc-018.jpg
NCC-019,Edmund Cantwell,Notable Person,3195 South Dupont Highway,Odessa,,
NCC-020,Indian Treaty,Social History,512 Main Street,Odessa,,
NCC-021,New Castle,City / Town,700 Delaware Street,New Castle,,
NCC-022,Broad Dyke,Geography,227 Chestnut Street,New Castle,https://archives.delaware.gov/delaware-historical-markers/broad-dyke/,https://archives.delaware.gov/wp-content/uploads/sites/156/2019/06/NCC_022-2.jpg
NCC-023,Site of Fort Casimir,Historic Location,167 E. 2nd Street,New Castle,https://archives.delaware.gov/delaware-historical-markers/fort-casimir/,https://archives.delaware.gov/wp-content/uploads/sites/156/2019/06/ncc_023-3.jpg
NCC-024,Packet Alley,Historic Location,23 The Strand,New Castle,https://archives.delaware.gov/delaware-historical-markers/packet-alley/,https://archives.delaware.gov/wp-content/uploads/sites/156/2019/06/ncc024.jpg
NCC-025,Landing Place of William Penn,Historic Location,5 The Strand,New Castle,https://archives.delaware.gov/delaware-historical-markers/landing-place-william-penn/,https://archives.delaware.gov/wp-content/uploads/sites/156/2019/06/ncc-25-2024.jpg
NCC-026,New Castle and Frenchtown Railroad,Historic Location,2 Delaware Street,New Castle,https://archives.delaware.gov/delaware-historical-markers/new-castle-frenchtown-railroad/,https://archives.delaware.gov/wp-content/uploads/sites/156/2019/06/nc-26-25.jpg
NCC-027,Town Hall and Market House,Historic Location,Corner of Delaware & 2nd Street,New Castle,,
NCC-028,The Green or Market Plaine,Historic Location,30 Market Street,New Castle,https://archives.delaware.gov/delaware-historical-markers/the-green-market-plaine/,https://archives.delaware.gov/wp-content/uploads/sites/156/2019/06/ncc-028-2.jpg
NCC-029,New Castle and Frenchtown Railroad,Historic Location,701 Washington Street,New Castle,,
NCC-030,New Castle,City / Town,340 West 7th Street,New Castle,,
NCC-031,New Castle,City / Town,Washington Avenue  & Hares Corner S. side of hwy,New Castle,,
NCC-032,Saint Mary's Church,House of Worship,6580 Lancaster Pike,Hockessin,https://archives.delaware.gov/delaware-historical-markers/st-marys-church-32/,https://archives.delaware.gov/wp-content/uploads/sites/156/2019/06/ncc_032.jpg
NCC-033,Washington's Earthworks,Historic Location,Delcastle Technical High School 1417 Newport Rd,Wilmington,https://archives.delaware.gov/delaware-historical-markers/washingtons-earthworks/,https://archives.delaware.gov/wp-content/uploads/sites/156/2019/06/ncc-33-2.jpg
NCC-034,"Robert Kirkwood, Jr.",Notable Person,6000 Kirkwood Hwy,Wilmington,https://archives.delaware.gov/delaware-historical-markers/robert-kirkwood-jr/,https://archives.delaware.gov/wp-content/uploads/sites/156/2019/06/ncc-34-25.jpg
NCC-035,Newark Academy,School,95 E. Main Street,Newark,https://archives.delaware.gov/delaware-historical-markers/newark-academy/,https://archives.delaware.gov/wp-content/uploads/sites/156/2019/06/ncc-035-25.jpg
NCC-036,The Wedge,Geography,954 New London Road,Newark,,
NCC-037,The Wedge,Geography,1100 Nottingham Road,Newark,https://archives.delaware.gov/delaware-historical-markers/the-wedge/,https://archives.delaware.gov/wp-content/uploads/sites/156/2019/06/nc-37-25.jpg
NCC-038,Mason & Dixon's Tangent Stone,Geography,2 mi. SW of Newark E. side of Lincoln Hwy at Delaware/MD Hwy,,,
NCC-039,Welsh Tract,Geography,West side of hwy .7 mi. South of Main Street on College Avenue (Depot Road)1030 South College Avenue,Newark,,
NCC-040,Welsh Tract Church,House of Worship,2.5 mi. S. of Newark W. side of Newark to Middletown Road  at Intersection of Baptist Church Road,Newark,,
NCC-041,American Position Battle of Cooch's Bridge,Historic Location,"Cooch's Bridge Battlefield, South Old Baltimore Pike",Newark,https://archives.delaware.gov/delaware-historical-markers/american-position-battle-of-coochs-bridge/,https://archives.delaware.gov/wp-content/uploads/sites/156/2025/10/nc-41-25.jpg
NCC-042,"British Position, Battle of Cooch's Bridge",Historic Location,801 Eggerts Lane,Newark,https://archives.delaware.gov/delaware-historical-markers/british-position/,https://archives.delaware.gov/wp-content/uploads/sites/156/2025/11/nc-42-25.jpg
NCC-043,Aiken's Tavern,Historic Location,2221 Glasgow Avenue,Newark,,
NCC-044,New Castle and Frenchtown Railroad,Historic Location,E. side of Highway from Newark to Middletown,Newark,,
NCC-045,Washington Dined Here,Historic Location,501 Old Summit Bridge Rd,Middletown,,
NCC-046,Samuel Davies,Notable Person,3161 Red Lion Road,Bear,,
NCC-047,Welsh Tract,Geography,4361 Summit Bridge Road,Middletown,https://archives.delaware.gov/delaware-historical-markers/welsh-tract-47/,https://archives.delaware.gov/wp-content/uploads/sites/156/2019/06/ncc_047.jpg
NCC-048,Caeser Rodney's Camp 1777,Historic Location,5390 Summitt Bridge Rd,Townsend,,
NCC-049,Washington's Fortifications,Historic Location,4534 Tarry Lane,Wilmington,,
NCC-050,Meeting Place Of Washington's Officers,Historic Location,"5.5 miles south of Wilmington, State Route 7 at intersection of Ogletown Road (Route 4). (Approx 500 Stanton-Christiana Road)",Newark,,
NCC-050,Hale-Byrnes House (Originally: Meeting Place of Washington's Officers - Changed in 1973,Historic Location,606 Stanton-Christiana Road,Newark,https://archives.delaware.gov/delaware-historical-markers/hale-byrnes-house/,https://archives.delaware.gov/wp-content/uploads/sites/156/2019/06/ncc-50-2.jpg
NCC-051,Lafayette,Notable Person,"Lewden-Greene Park, 400 Christiana Road",Newark,https://archives.delaware.gov/delaware-historical-markers/lafayette/,https://archives.delaware.gov/wp-content/uploads/sites/156/2019/06/ncc051.jpg
NCC-052,Samuel Patterson,Notable Person,35 West Main Street,Christiana,https://archives.delaware.gov/delaware-historical-markers/samuel-patterson/,https://archives.delaware.gov/wp-content/uploads/sites/156/2019/06/nc-52-25.jpg
NCC-053,Washington's Reconnaissance,Historic Location,1249 Old Baltimore Pike,Newark,https://archives.delaware.gov/delaware-historical-markers/washingtons-reconnaissance/,https://archives.delaware.gov/wp-content/uploads/sites/156/2019/06/ncc-053-2.jpg
NCC-054,Iron Hill,Geography,1400 South Old Baltimore Pike,Newark,,
NCC-055,Mason Dixon Line,Geography,1785 South Old Baltimore Pike,Newark,,
NCC-056,Bethel Church (Hare's Corner),House of Worship,162 Christiana Road B,New Castle,,
NCC-057,The Bear,Historic Location,1415 Pulaski Highway,Newark,,
NCC-058,Pencader Church,House of Worship,2315 Glasgow Avenue,Newark,,
NCC-059,Old Feeder Canal,Historic Location,2905 Pulaski Highway,Newark,,
NCC-060,du Pont Powder Mills,Historic Location,200 Hagley Creek Road,Wilmington,https://archives.delaware.gov/delaware-historical-markers/dupont-powder-mills/,https://archives.delaware.gov/wp-content/uploads/sites/156/2019/06/ncc-60-24.jpg
NCC-061,Wilmington,City / Town,744 US Business 13,Wilmington,,
NCC-062,Wilmington,City / Town,302 Townsend Street,Wilmington,,
NCC-063,Wilmington,City / Town,3499 Northeast Blvd,Wilmington,,
NCC-064,Wilmington,City / Town,15 West Lea Blvd.,Wilmington,,
NCC-065,Wilmington,City / Town,800 DE 202,Wilmington,,
NCC-066,Wilmington,City / Town,3506 Kennett Pike,Wilmington,,
NCC-067,Wilmington,City / Town,3300 Lancaster Pike,Wilmington,https://archives.delaware.gov/delaware-historical-markers/wilmington-67/,https://archives.delaware.gov/wp-content/uploads/sites/156/2025/11/nc-67-25.jpg
NCC-068,Wilmington,City / Town,621 Union Street,Wilmington,,
NCC-069,Wilmington,City / Town,208 North Maryland Avenue,Wilmington,,
NCC-070,Swanwyck,Historic Location,Old Ferry Piers at foot of Chestnut Street,New Castle,,
NCC-071,"Oliver Evans (1755-1819), Inventor and Engineer",Notable Person,5 South Augustine Street,Newport,https://archives.delaware.gov/delaware-historical-markers/oliver-evans/,https://archives.delaware.gov/wp-content/uploads/sites/156/2019/06/nc-71-25.jpg
NCC-072,Duncan Beard,Notable Person,511 Old State Road,Townsend,https://archives.delaware.gov/delaware-historical-markers/duncan-beard/,https://archives.delaware.gov/wp-content/uploads/sites/156/2025/10/nc-72-25.jpg
NCC-073,The River Road,Historic Location,"508 South Street, Historic New Castle",New Castle,https://archives.delaware.gov/delaware-historical-markers/shipwreck-of-the-faithful-steward/,https://archives.delaware.gov/wp-content/uploads/sites/156/2025/10/sc-73-25.jpg
NCC-074,Old St. Anne's (P.E. Church),House of Worship,105 St Annes Church Road,Middletown,https://archives.delaware.gov/delaware-historical-markers/old-st-annes-p-e-church/,https://archives.delaware.gov/wp-content/uploads/sites/156/2019/06/NCC_074.jpg
NCC-075,Presbyterian Church,House of Worship,25 East 2nd Street,New Castle,https://archives.delaware.gov/delaware-historical-markers/presbyterian-church-old-new-castle/,https://archives.delaware.gov/wp-content/uploads/sites/156/2019/06/ncc-075.jpg
NCC-076,Meeting House 1816 Religious Society of Friends,House of Worship,301 N. West Street Marker is on 4th St side of property.,Wilmington,https://archives.delaware.gov/delaware-historical-markers/meeting-house-1816-religious-society-of-friends/,https://archives.delaware.gov/wp-content/uploads/sites/156/2019/06/ncc-76-24.jpg
NCC-077,First Presbyterian Church,House of Worship,1420 N. West Street,Wilmington,https://archives.delaware.gov/delaware-historical-markers/presbyterian-church/,https://archives.delaware.gov/wp-content/uploads/sites/156/2019/06/ncc-77-2.jpg
NCC-078,Camp Brandywine,Historic Location,3705 Kennett Pike,Greenville,https://archives.delaware.gov/delaware-historical-markers/camp-brandywine/,https://archives.delaware.gov/wp-content/uploads/sites/156/2019/06/ncc-78-24.jpg
NCC-079,Camp DuPont,Historic Location,3302 Faulkland Road,Wilmington,,
NCC-080,Anthony- Delaware's First Known Black Settler,Notable Person,1110 East 7th Street,Wilmington,https://archives.delaware.gov/delaware-historical-markers/anthony-delawares-first-known-black-settler/,https://archives.delaware.gov/wp-content/uploads/sites/156/2019/06/nc-80-25.jpg
NCC-081,"John McKinly President (Governor) of Delaware, 1777",Notable Person,300 South Park Drive,Wilmington,https://archives.delaware.gov/delaware-historical-markers/john-mckinly-president-governor-of-delaware-1777/,https://archives.delaware.gov/wp-content/uploads/sites/156/2019/06/nc-81-2.jpg
NCC-082,Howard High School - First Secondary School for Blacks,School,1301 Clifford Brown Walk,Wilmington,https://archives.delaware.gov/delaware-historical-markers/howard-high-school/,https://archives.delaware.gov/wp-content/uploads/sites/156/2019/06/ncc-082-24.jpg
NCC-083,Eastburn-Jeanes Mining Complex (c. 1816-1900's),Historic Location,535 Upper Pike Creek Road,Newark,https://archives.delaware.gov/delaware-historical-markers/eastburn-jeanes-mining-complex/,https://archives.delaware.gov/wp-content/uploads/sites/156/2019/06/ncc-83.jpg
NCC-084,Gravesite of Bishop Peter Spencer & His Devoted Wife Annes,Notable Person,800 North French Street,Wilmington,https://archives.delaware.gov/delaware-historical-markers/gravesite-of-bishop-peter-spencer-and-his-devoted-wife-annes/,https://archives.delaware.gov/wp-content/uploads/sites/156/2019/06/ncc-84-24.jpg
NCC-085,Ebright Azimuth,Geography,6 Winterset Road,Wilmington,https://archives.delaware.gov/delaware-historical-markers/ebright-azimuth/,https://archives.delaware.gov/wp-content/uploads/sites/156/2019/06/ncc_085.jpg
NCC-086,South Wilmington - Cradle of African American Political Leadership,Social History,600 South Claymont Street,Wilmington,https://archives.delaware.gov/delaware-historical-markers/south-wilmington-cradle-of-african-american-political-leadership/,https://archives.delaware.gov/wp-content/uploads/sites/156/2019/06/ncc-86-24.jpg
NCC-087,Mount Olive Cemetery,Historic Location,4003 Lancaster Pike,Wilmington,https://archives.delaware.gov/delaware-historical-markers/mount-olive-cemetery/,https://archives.delaware.gov/wp-content/uploads/sites/156/2019/06/ncc-87-2.jpg
NCC-088,Thomas Garrett Stationmaster Underground Railroad,Notable Person,330 North Shipley Street,Wilmington,https://archives.delaware.gov/delaware-historical-markers/thomas-garrett-underground-railroad-stationmaster/,https://archives.delaware.gov/wp-content/uploads/sites/156/2019/06/ncc-088.jpg
NCC-089,Clearfield Farm,Historic Location,875 Smyrna Landing Road,Smryna,https://archives.delaware.gov/delaware-historical-markers/clearfield-farm/,https://archives.delaware.gov/wp-content/uploads/sites/156/2019/06/sc_89.jpg
NCC-090,Appoquinimink Friends Meeting House,House of Worship,624 Main Street,Odessa,https://archives.delaware.gov/delaware-historical-markers/appoquinimink-friends-meeting-house/,https://archives.delaware.gov/wp-content/uploads/sites/156/2019/06/ncc_090_2.jpg
NCC-091,The Darley House,Historic Location,3715 Philadelphia Pike,Claymont,https://archives.delaware.gov/delaware-historical-markers/darley-house/,https://archives.delaware.gov/wp-content/uploads/sites/156/2025/12/nc-91-25.jpg
NCC-092,The Village of Arden,City / Town,1777 Harvey Road,Arden,https://archives.delaware.gov/delaware-historical-markers/village-of-arden/,https://archives.delaware.gov/wp-content/uploads/sites/156/2019/06/nc-92.jpg
NCC-093,Taylor's Bridge School (District No. 66),School,121 Fleming Landing Road,Townsend,https://archives.delaware.gov/delaware-historical-markers/taylors-bridge-school/,https://archives.delaware.gov/wp-content/uploads/sites/156/2019/06/ncc_093.jpg
NCC-094,Saint Joseph Church,House of Worship,1012 North French Street,Wilmington,https://archives.delaware.gov/delaware-historical-markers/st-joseph-church/,https://archives.delaware.gov/wp-content/uploads/sites/156/2019/06/ncc-094-24.jpg
NCC-095,"The Home of William Julius ""Judy"" Johnson",Notable Person,3701 Kiamensi Road,Wilmington,https://archives.delaware.gov/delaware-historical-markers/home-william-julius-judy-johnson/,https://archives.delaware.gov/wp-content/uploads/sites/156/2025/01/ncc-95-25.jpg
NCC-096,Ashley Mansion,Historic Location,208 North Maryland Avenue,Wilmington,,
NCC-097,Delaware City School No. 118C,School,611 Madison Street,Delaware City,https://archives.delaware.gov/delaware-historical-markers/delaware-city-school-118c/,https://archives.delaware.gov/wp-content/uploads/sites/156/2019/06/ncc_097.jpg
NCC-098,Christiana United Methodist Church,House of Worship,21 West Main Street,Christiana,,
NCC-099,Old Claymont High School,School,3301 Green Street,Claymont,https://archives.delaware.gov/delaware-historical-markers/old-claymont-high-school/,https://archives.delaware.gov/wp-content/uploads/sites/156/2019/06/ncc-099-2.jpg
NCC-100,"Christ Episcopal Church, Delaware City",House of Worship,222 Clinton Street,Delaware City,,
NCC-101,Brandywine Village,City / Town,2 Race Street,Wilmington,,
NCC-102,Bethel A.M.E. Church,House of Worship,604 North Walnut Street,Wilmington,,
NCC-103,Long Hook (Home of Major Peter Jaquett),Historic Location,201 New Sweden Street,Wilmington,https://archives.delaware.gov/delaware-historical-markers/long-hook-home-of-major-peter-jaquette/,https://archives.delaware.gov/wp-content/uploads/sites/156/2019/06/ncc-103-24.jpg
NCC-104,Ebenezer United Methodist Church,House of Worship,525 Polly Drummond Hill Road,Newark,,
NCC-105,Claymont Stone School,School,3611 Philadelphia Pike,Claymont,https://archives.delaware.gov/delaware-historical-markers/claymont-stone-school/,https://archives.delaware.gov/wp-content/uploads/sites/156/2019/06/nc-105-25.jpg
NCC-106,Deer Park Hotel,Historic Location,108 West Main Street,Newark,https://archives.delaware.gov/delaware-historical-markers/deer-park-hotel/,https://archives.delaware.gov/wp-content/uploads/sites/156/2022/05/NCC_106.jpg
NCC-107,Wilmington Friends School,School,101 School Road N.,Wilmington,,
NCC-108,Gibraltar,Historic Location,1405 Greenhill Avenue,Wilmington,,
NCC-109,Kentmere Parkway,Historic Location,2000 Kentmere Parkway,Wilmington,,
NCC-110,Rockford Tower,Historic Location,2301 Tower Drive,Wilmington,https://archives.delaware.gov/delaware-historical-markers/rockford-tower/,https://archives.delaware.gov/wp-content/uploads/sites/156/2019/06/ncc_110_2.jpg
NCC-111,New Castle United Methodist Church,House of Worship,510 Delaware Street,New Castle,,
NCC-112,Scott AME Zion Church,House of Worship,629 East 7th Street,Wilmington,,
NCC-113,Frank E. Schoonover Studios,Historic Location,1616 North Rodney Street,Wilmington,https://archives.delaware.gov/delaware-historical-markers/frank-e-schoonover-studios/,https://archives.delaware.gov/wp-content/uploads/sites/156/2019/06/ncc_113-2.jpg
NCC-114,Grace Episcopal Church (Wilmington),House of Worship,4900 Concord Pike,Wilmington,https://archives.delaware.gov/delaware-historical-markers/grace-episcopal-church/,https://archives.delaware.gov/wp-content/uploads/sites/156/2019/06/nc-114-25.jpg
NCC-115,Head of Christiana Presbyterian Church,House of Worship,1100 Church Road,Newark,https://archives.delaware.gov/delaware-historical-markers/head-of-christiana-presbyterian-church/,https://archives.delaware.gov/wp-content/uploads/sites/156/2019/06/ncc-115.jpg
NCC-116,R.T. Foard & Jones Funeral Home,Historic Location,122 West Main Street,Newark,,
NCC-117,Old Union Methodist Church,House of Worship,205 Union Church Road,Townsend,https://archives.delaware.gov/delaware-historical-markers/old-union-methodist-church/,https://archives.delaware.gov/wp-content/uploads/sites/156/2019/06/ncc-117-2.jpg
NCC-118,Middletown,City / Town,8 West Main Street,Middletown,https://archives.delaware.gov/delaware-historical-markers/middletown/,https://archives.delaware.gov/wp-content/uploads/sites/156/2019/06/ncc-118.jpg
NCC-119,The Stone Mansion,Historic Location,739 Hamburg Road,New Castle,,
NCC-120,Chester-Bethel United Methodist Church,House of Worship,2619 Foulk Road,Wilmington,https://archives.delaware.gov/delaware-historical-markers/chester-bethel-united-methodist-church/,https://archives.delaware.gov/wp-content/uploads/sites/156/2019/06/ncc_120.jpg
NCC-121,Cool Spring Park,Historic Location,1001 North Van Buren Street,Wilmington,,
NCC-122,St. John the Baptist Church (Newark),House of Worship,200 E. Main Street,Newark,,
NCC-123,Church of the Ascension (Claymont),House of Worship,3717 Philadelphia Pike,Claymont,https://archives.delaware.gov/delaware-historical-markers/church-of-the-ascension/,https://archives.delaware.gov/wp-content/uploads/sites/156/2019/06/ncc_123.jpg
NCC-124,Pencader Presbyterian Church,House of Worship,2315 Glasgow Avenue,Newark,https://archives.delaware.gov/delaware-historical-markers/pencader-presbyterian-church/,https://archives.delaware.gov/wp-content/uploads/sites/156/2019/06/ncc-124-25.jpg
NCC-125,Wilmington Friends Meeting - Burial Thomas Garrett,House of Worship,401 N West St,Wilmington,https://archives.delaware.gov/delaware-historical-markers/wilmington-friends-meeting-burial-place-thomas-garrett/,https://archives.delaware.gov/wp-content/uploads/sites/156/2022/08/ncc_125-2.jpg
NCC-126,Sgt. James P. Connor Memorial Circle,Notable Person,2465 Chesapeake City Road,Bear,https://archives.delaware.gov/delaware-historical-markers/sgt-james-p-connor-memorial/,https://archives.delaware.gov/wp-content/uploads/sites/156/2019/06/ncc-126.jpg
NCC-127,Site of DuPont Airfield,Historic Location,301 Buckley Mill Road,Wilmington,,
NCC-128,Freedom Lost,Historic Location,101 South Market Street,Wilmington,https://archives.delaware.gov/delaware-historical-markers/freedom-lost/,https://archives.delaware.gov/wp-content/uploads/sites/156/2019/06/ncc-128.jpg
NCC-129,Pride of Delaware Lodge #349 IBPEOW,Historic Location,57 W. Cleveland Avenue,Newark,,
NCC-130,New Century Club,Historic Location,201 E. Delaware Street,Newark,,
NCC-131,Port Penn Front Range Light,Historic Location,1704-1770 St Augustine Road,Port Penn,https://archives.delaware.gov/delaware-historical-markers/port-penn-front-range-light/,https://archives.delaware.gov/wp-content/uploads/sites/156/2019/06/sc_131.jpg
NCC-132,Mount Lebanon United Methodist Church,Historic Location,850 Mt. Lebanon Road,Wilmington,https://archives.delaware.gov/delaware-historical-markers/mount-lebanon-united-methodist-church/,https://archives.delaware.gov/wp-content/uploads/sites/156/2019/06/ncc-132-2.jpg
NCC-133,McDonough Burial Ground,Historic Location,2481 Dupont Parkway,Middletown,,
NCC-134,Site of Bellanca Airfield,Historic Location,2 Centerpoint Blvd.,New Castle,https://archives.delaware.gov/delaware-historical-markers/site-of-bellanca-airfield/,https://archives.delaware.gov/wp-content/uploads/sites/156/2019/06/NCC_134.jpeg
NCC-135,Locust Grove Home of Governor Joshua Clayton,Historic Location,102 Clayton Manor Dr.,Middletown,https://archives.delaware.gov/delaware-historical-markers/locust-grove-house/,https://archives.delaware.gov/wp-content/uploads/sites/156/2019/06/ncc-135.jpg
NCC-136,Newark United Methodist Church,Historic Location,69 East Main Street,Newark,,
NCC-137,Hockessin School #107C,Historic Location,4266 Millcreek Road,Hockessin,https://archives.delaware.gov/delaware-historical-markers/hockessin-school-107c/,https://archives.delaware.gov/wp-content/uploads/sites/156/2019/06/nc-137-25.jpg
NCC-138,Brown v. Board of Education,Social History,500 N. King Street,Wilmington,https://archives.delaware.gov/delaware-historical-markers/brown-v-board-education/,https://archives.delaware.gov/wp-content/uploads/sites/156/2019/06/ncc-138-3.jpg
NCC-139,"Oriental Lodge #12, I.O.O.F",Historic Location,65 East Main Street,Newark,https://archives.delaware.gov/delaware-historical-markers/oriental-lodge-112-ioof/,https://archives.delaware.gov/wp-content/uploads/sites/156/2019/06/ncc-139-24.jpg
NCC-140,Chippey African Union Methodist Church,Historic Location,4272 Millcreek Road,Hockessin,https://archives.delaware.gov/delaware-historical-markers/chippey-african-union-methodist-church/,https://archives.delaware.gov/wp-content/uploads/sites/156/2025/05/ncc-140-25-2.jpg
NCC-141,Delaware's Jewish Community,Social History,211 N. Market Street,Wilmington,https://archives.delaware.gov/delaware-historical-markers/delawares-jewish-community/,https://archives.delaware.gov/wp-content/uploads/sites/156/2019/06/ncc-141-24.jpg
NCC-142,Aiken's Tavern Historic District,Historic Location,2221 Glasgow Avenue,Newark,,
NCC-143,Ezion-Mount Carmel United Methodist Church,Historic Location,800 N Walnut Street,Wilmington,,
NCC-144,Middletown Academy,School,216 N. Broad Street,Middletown,https://archives.delaware.gov/delaware-historical-markers/middletown-academy/,https://archives.delaware.gov/wp-content/uploads/sites/156/2025/12/nc-114-25.jpg
NCC-144A,Sgt. William Lloyd Nelson,Historic Location,5695 Summit Bridge Road,Townsend,,
NCC-145,Booker T. Washington School,School,400 South Street,New Castle,https://archives.delaware.gov/delaware-historical-markers/booker-t-washington-school-nc145/,https://archives.delaware.gov/wp-content/uploads/sites/156/2025/10/nc-145-25.jpg
NCC-146,Clifford Brown Legendary Jazz Musician,Notable Person,1500 Clifford Brown Walk,Wilmington,https://archives.delaware.gov/delaware-historical-markers/clifford-brown-legendary-jazz-musician/,https://archives.delaware.gov/wp-content/uploads/sites/156/2019/06/ncc_146_2.jpg
NCC-147,Old St. Paul's Church (Odessa),House of Worship,506 High Street,Odessa,https://archives.delaware.gov/delaware-historical-markers/old-st-pauls-church/,https://archives.delaware.gov/wp-content/uploads/sites/156/2019/06/ncc-147-2.jpg
NCC-148,Salesianum School,School,1801 N. Broom Street,Wilmington,https://archives.delaware.gov/delaware-historical-markers/salesianum-school/,https://archives.delaware.gov/wp-content/uploads/sites/156/2019/06/ncc-148-24.jpg
NCC-149,Knotty Pine Restaurant,Historic Location,308 E. 11th Street,Wilmington,https://archives.delaware.gov/delaware-historical-markers/knotty-pine-restaurant/,https://archives.delaware.gov/wp-content/uploads/sites/156/2019/06/nc-149-25.jpg
NCC-150,Old Town Hall,Historic Location,505 N Market Street,Wilmington,,
NCC-151,Meeteer House,Historic Location,801 Capitol Trail,Newark,https://archives.delaware.gov/delaware-historical-markers/meeteer-house/,https://archives.delaware.gov/wp-content/uploads/sites/156/2025/09/nc-151-25.jpg
NCC-152,Shiloh Baptist Church,House of Worship,215 W. 23rd Street,Wilmington,,
NCC-153,Old Drawyers Presbyterian Church,House of Worship,2839 Dupont Pkwy,Middletown,https://archives.delaware.gov/delaware-historical-markers/old-drawyers/,https://archives.delaware.gov/wp-content/uploads/sites/156/2019/06/ncc-153-24.jpg
NCC-154,Site of Old Cathedral Cemetery,Historic Location,Intersection of 12th St and Delaware Ave,Wilmington,https://archives.delaware.gov/delaware-historical-markers/old-cathedral-cemetery/,https://archives.delaware.gov/wp-content/uploads/sites/156/2019/06/nc-154-25.jpg
NCC-155,Old Farmers Bank,Historic Location,301 North Market Street,Wilmington,https://archives.delaware.gov/delaware-historical-markers/old-farmers-bank/,https://archives.delaware.gov/wp-content/uploads/sites/156/2019/06/nc-155-25.jpg
NCC-156,Grand Lodge of Delaware A.F. & A.M.,Historic Location,504 North Market Street,Wilmington,https://archives.delaware.gov/delaware-historical-markers/grand-lodge-delaware/,https://archives.delaware.gov/wp-content/uploads/sites/156/2025/09/nc-156-25.jpg
NCC-157,"Washington Lodge No. 1 Grand Lodge of DE, A.F. & A.M.",Historic Location,818 N Market Street,Wilmington,,
NCC-158,"St. John’s Lodge No. 2 Grand Lodge of DE, A.F. & A.M.",Historic Location,1406 Wilmington Road,New Castle,,
NCC-159,Hiram Lodge No. 25,Historic Location,207 E. Delaware Avenue,Newark,https://archives.delaware.gov/delaware-historical-markers/hiram-lodge-no-25/,https://archives.delaware.gov/wp-content/uploads/sites/156/2019/06/ncc-159-2.jpg
NCC-160,Robinson House,Historic Location,1 Naamans Road,Claymont,https://archives.delaware.gov/delaware-historical-markers/robinson-house/,https://archives.delaware.gov/wp-content/uploads/sites/156/2023/06/ncc-160-2.jpg
NCC-161,The Delaware Continentals,Social History,1401 Newport Gap Pike,Wilmington,https://archives.delaware.gov/delaware-historical-markers/the-delaware-continentals/,https://archives.delaware.gov/wp-content/uploads/sites/156/2019/06/nc-161-25.jpg
NCC-162,Hickman Row,Historic Location,31 Hickman Road,Claymont,,
NCC-163,Mount Salem United Methodist Church,House of Worship,"2629 W. 19th Street, Rockford Park",Wilmington,https://archives.delaware.gov/delaware-historical-markers/mount-salem-united-methodist-church/,https://archives.delaware.gov/wp-content/uploads/sites/156/2019/06/nc-163-25.jpg
NCC-164,The Bulah Family & Brown v. Board of Education,Social History,Across from 6432 Limestone Road,Hockessin,,
NCC-165,Rockwood,Historic Location,610 Shipley Road,Wilmington,,
NCC-166,Site of Gilpin Mills,Historic Location,3 Mill Road,Wilmington,https://archives.delaware.gov/delaware-historical-markers/site-of-gilpin-mills/,https://archives.delaware.gov/wp-content/uploads/sites/156/2019/06/nc-166-25.jpg
NCC-167,St. John African Methodist Church,House of Worship,77 New London Road,Newark,,
NCC-168,St. Mary’s Church,House of Worship,600 E 6th St,Wilmington,https://archives.delaware.gov/delaware-historical-markers/st-marys-church/,https://archives.delaware.gov/wp-content/uploads/sites/156/2019/06/ncc-168-24.jpg
NCC-169,Alexis I. duPont Middle School,School,3130 Kennett Pike,Greenville,https://archives.delaware.gov/delaware-historical-markers/alexis-i-dupont-middle-school/,https://archives.delaware.gov/wp-content/uploads/sites/156/2019/06/nc-169-25.jpg
NCC-170,Mount Pleasant School,School,2816 Carriage House Ln,Wilmington,https://archives.delaware.gov/delaware-historical-markers/mount-pleasant-school/,https://archives.delaware.gov/wp-content/uploads/sites/156/2019/06/ncc-170-2.jpg
NCC-171,Marshallton,City / Town,1211 Greenbank Road,Marshallton,,
NCC-172,Salem United Methodist Church,House of Worship,469 Salem Church Road,Newark,,
NCC-173,Christiana Presbyterian Church,House of Worship,15 North Old Baltimore Pike,Newark,,
NCC-174,Buttonwood School,School,111 Buttonwood Avenue,New Castle,https://archives.delaware.gov/delaware-historical-markers/buttonwood-school/,https://archives.delaware.gov/wp-content/uploads/sites/156/2019/06/nc-174-2024.jpg
NCC-175,Frank Furness Railroad District,Historic Location,111 S. French Street,Wilmington,https://archives.delaware.gov/delaware-historical-markers/frank-furness-railroad-district/,https://archives.delaware.gov/wp-content/uploads/sites/156/2019/06/ncc-175-2.jpg
NCC-176,Archmere,School,3600 Philadelphia Pike,Claymont,https://archives.delaware.gov/delaware-historical-markers/archmere/,https://archives.delaware.gov/wp-content/uploads/sites/156/2019/06/ncc-176.jpg
NCC-177,The Patio,Historic Location,3600 Philadelphia Pike,Claymont,,
NCC-178,Old Delaware City Public School,School,407 Clinton Street,Delaware City,https://archives.delaware.gov/delaware-historical-markers/delaware-city-old-public-school/,https://archives.delaware.gov/wp-content/uploads/sites/156/2019/06/ncc-178-24.jpg
NCC-179,Mount Joy United Methodist Church,House of Worship,,,,
NCC-180,St. Anthony of Padua,School,1715 West 9th Street,Wilmington,https://archives.delaware.gov/delaware-historical-markers/st-anthony-padua/,https://archives.delaware.gov/wp-content/uploads/sites/156/2019/06/ncc-180-24.jpg
NCC-181,Lincoln's Speech,Historic Location,318 North Market Street,Wilmington,https://archives.delaware.gov/delaware-historical-markers/lincolns-speech/,https://archives.delaware.gov/wp-content/uploads/sites/156/2019/06/ncc-181-2.jpg
NCC-182,The Philadelphia Campaign Battle of Cooch's Bridge,Historic Location,"Cooch's Bridge Battlefield, South Old Baltimore Pike",Newark,,
NCC-183,New London Avenue School,School,303 New London Road,Newark,https://archives.delaware.gov/delaware-historical-markers/new-london-avenue-school/,https://archives.delaware.gov/wp-content/uploads/sites/156/2019/06/NCC-183.jpeg
NCC-184,Old Fort Union African Methodist Episcopal Church,House of Worship,37 North Old Baltimore Pike,Newark,https://archives.delaware.gov/delaware-historical-markers/old-fort-uame-church/,https://archives.delaware.gov/wp-content/uploads/sites/156/2019/06/ncc-184-24.jpg
NCC-185,Village of Montchanin,City / Town,528 Montchanin Road,Montchanin,https://archives.delaware.gov/delaware-historical-markers/village-of-montchanin/,https://archives.delaware.gov/wp-content/uploads/sites/156/2019/06/ncc-185-2.jpg
NCC-186,Townsend,City / Town,"Townsend Town Hall, 141 Main St",Townsend,https://archives.delaware.gov/delaware-historical-markers/townsend/,https://archives.delaware.gov/wp-content/uploads/sites/156/2019/06/nc-186-24.jpg
NCC-187,National Theatre,,,,,
NCC-188,The Community of Dunleith,City / Town,468 Bethune Drive,Wilmington,https://archives.delaware.gov/delaware-historical-markers/the-community-of-dunleith/,https://archives.delaware.gov/wp-content/uploads/sites/156/2019/06/nc-188-25.jpg
NCC-189,Penn Farm,Historic Location,807 Frenchtown Road,New Castle,https://archives.delaware.gov/delaware-historical-markers/penn-farm/,https://archives.delaware.gov/wp-content/uploads/sites/156/2019/06/NCC_189.jpg
NCC-190,First Flight of the Delaplane,Historic Location,1100 Greenhill Avenue,Wilmington,https://archives.delaware.gov/delaware-historical-markers/first-flight-delaplane/,https://archives.delaware.gov/wp-content/uploads/sites/156/2019/06/ncc-190-24.jpg
NCC-191,Peniel United Methodist Church,House of Worship,115 East Market Street,New Castle,https://archives.delaware.gov/delaware-historical-markers/peniel-united-methodist-church/,https://archives.delaware.gov/wp-content/uploads/sites/156/2019/06/ncc-191-24.jpg
NCC-192,Grubb / Worth Mansion,Historic Location,3110 Philadelphia Pike,Claymont,,
NCC-193,Crane Hook Church,House of Worship,3076 New Castle Avenue,New Castle,,
NCC-194,First African-American Schoolhouse in Hockessin,School,634 Grant Avenue,Hockessin,,
NCC-195,Vic Willis,Notable Person,401 Elkton Road,Newark,https://archives.delaware.gov/delaware-historical-markers/vic-willis/,https://archives.delaware.gov/wp-content/uploads/sites/156/2019/06/ncc-195-2.jpg
NCC-196,Judge Morris Estate,Historic Location,76 Polly Drummond Hill Road,Newark,https://archives.delaware.gov/delaware-historical-markers/judge-morris-estate/,https://archives.delaware.gov/wp-content/uploads/sites/156/2019/06/ncc-196-24.jpg
NCC-197,Lombardy Hall,Historic Location,1611 Concord Pike,Wilmington,https://archives.delaware.gov/delaware-historical-markers/lombardy-hall/,https://archives.delaware.gov/wp-content/uploads/sites/156/2019/06/ncc197.jpg
NCC-197A,Riverview Cemetery,Historic Location,3312 N. Market Street,Wilmington,https://archives.delaware.gov/delaware-historical-markers/riverview-cemetery/,https://archives.delaware.gov/wp-content/uploads/sites/156/2025/12/nc-197a-25.jpg
NCC-197B,Landing of The Swedes,Historic Location,"Ft. Christina Park, 1110 E 7th Street",Wilmington,https://archives.delaware.gov/delaware-historical-markers/landing-of-the-swedes/,https://archives.delaware.gov/wp-content/uploads/sites/156/2019/06/ncc-197-b-24.jpg
NCC-198,Hockessin Friends Meetinghouse,House of Worship,1501 Old Wilmington Road,Hockessin,,
NCC-199,"The ""Annie Oakleys"": First Female Prison Guards in the United States",Historic Location,210 Greenbank Road  (at entrance to Greenbank Park),Wilmington,https://archives.delaware.gov/delaware-historical-markers/annie-oakleys-first-armed-female-prison-guards-united-states/,https://archives.delaware.gov/wp-content/uploads/sites/156/2022/03/ncc_199.jpg
NCC-200,Mother Union American Methodist Episcopal Church,House of Worship,701 E. 5th Street,Wilmington,,
NCC-201,Blue Rock Community Club,Social History,310 Brandywine Boulevard,Wilmington,https://archives.delaware.gov/delaware-historical-markers/blue-rock-community-club/,https://archives.delaware.gov/wp-content/uploads/sites/156/2019/06/nc-201-25.jpg
NCC-202,Blackbird School (District No. 69),School,120 Blackbird Forest Road,Townsend,,
NCC-203,Poplar Hall,Historic Location,3182 Denny Road,Newark,https://archives.delaware.gov/delaware-historical-markers/poplar-hall/,https://archives.delaware.gov/wp-content/uploads/sites/156/2019/06/ncc-203-2.jpg
NCC-204,William Montgomery House,Historic Location,2900 Old Limestone Road,Wilmington,https://archives.delaware.gov/delaware-historical-markers/william-montgomery-house/,https://archives.delaware.gov/wp-content/uploads/sites/156/2025/11/nc-204-25.jpg
NCC-205,Christiana Public School #111-C,School,50 N. Old Baltimore Pike,Christiana,https://archives.delaware.gov/delaware-historical-markers/public-school-111c/,https://archives.delaware.gov/wp-content/uploads/sites/156/2019/06/ncc-205-24.jpg
NCC-206,Newark Passenger Railroad Station,Historic Location,429 S. College Avenue,Newark,,
NCC-207,Delaware Children's Theatre,Historic Location,1014 Delaware Avenue,Wilmington,https://archives.delaware.gov/delaware-historical-markers/delaware-childrens-theater/,https://archives.delaware.gov/wp-content/uploads/sites/156/2025/11/nc-207-25.jpg
NCC-208,Tweed's Tavern,Historic Location,46 Fitness Way,Hockessin,https://archives.delaware.gov/delaware-historical-markers/tweeds-tavern/,https://archives.delaware.gov/wp-content/uploads/sites/156/2019/06/ncc-208.jpg
NCC-209,Former Site of the Delcastle Prison Farm,Historic Location,1013-1015 McKennans Church Road,Wilmington,https://archives.delaware.gov/delaware-historical-markers/former-site-of-delcastle-prison-farm/,https://archives.delaware.gov/wp-content/uploads/sites/156/2019/06/ncc-209-24.jpg
NCC-210,Former Site of the Alston and Hunn Farms,Historic Location,120 Silver Lake Road,Middletown,,
NCC-211,Iron Hill School #112-C,School,1355 S. Old Baltimore Pike,Newark,https://archives.delaware.gov/delaware-historical-markers/iron-hill-school-112-c/,https://archives.delaware.gov/wp-content/uploads/sites/156/2019/06/ncc-211-25.jpg
NCC-212,"William ""Judy"" Johnson Memorial Park",Historic Location,1600 West 2nd Streeet,Wilmington,https://archives.delaware.gov/delaware-historical-markers/william-judy-johnson-park/,https://archives.delaware.gov/wp-content/uploads/sites/156/2019/06/ncc-212-24.jpg
NCC-213,Delaware State Hospital Cemetery,Historic Location,"DHSS Herman Holloway Campus,1901 North Dupont Highway (Intersection of Rusten Rd and Ingram Alley)",New Castle,,
NCC-214,"Union Lodge No. 5, A.F. & A. M.",Social History,105 West Park Place,Middletown,https://archives.delaware.gov/delaware-historical-markers/union-lodge-no-5-f-m/,https://archives.delaware.gov/wp-content/uploads/sites/156/2025/12/nc-214-25.jpg
NCC-215,Walnut Street YMCA,Historic Location,1000 N. Walnut Street,Wilmington,,
NCC-216,One Love Park,Historic Location,West 24th Street,Wilmington,https://archives.delaware.gov/delaware-historical-markers/one-love-park/,https://archives.delaware.gov/wp-content/uploads/sites/156/2019/06/ncc-216-3.jpg
NCC-217,Mount Salem United Methodist Church,House of Worship,140 East 4th Street,New Castle,https://archives.delaware.gov/delaware-historical-markers/mount-salem-u-m-church/,https://archives.delaware.gov/wp-content/uploads/sites/156/2019/06/nc-217-25.jpg
NCC-218,St. John the Evangelist Church (Hockessin),House of Worship,1149 Valley Road,Hockessin,https://archives.delaware.gov/delaware-historical-markers/st-john-evangelist-church/,https://archives.delaware.gov/wp-content/uploads/sites/156/2019/06/ncc-218.jpg
NCC-219,"James Henry ""Nip"" Winters",Notable Person,878 Valley Road,Hockessin,https://archives.delaware.gov/delaware-historical-markers/nip-winters/,https://archives.delaware.gov/wp-content/uploads/sites/156/2019/06/ncc_219.jpg
NCC-220,Scott Church,House of Worship,123 Blackbird Forest Road,Townsend,https://archives.delaware.gov/delaware-historical-markers/scott-church/,https://archives.delaware.gov/wp-content/uploads/sites/156/2025/12/nc-220-25.jpg
NCC-221,Mt. Zion Union American Methodist Episcopal Church,House of Worship,100 New London Road,Newark,,
NCC-222,St. Joseph’s on the Brandywine,House of Worship,10 Old Church Rd,Greenville,https://archives.delaware.gov/delaware-historical-markers/st-josephs-brandywine/,https://archives.delaware.gov/wp-content/uploads/sites/156/2019/06/ncc_222-2.jpg
NCC-223,St. Michael's Day Nursery,Historic Location,700 N Walnut St,Wilmington,https://archives.delaware.gov/delaware-historical-markers/st-michaels-day-nursery-hospital-babies/,https://archives.delaware.gov/wp-content/uploads/sites/156/2019/06/ncc-223.jpg
NCC-224,Rockland Mill Village,Historic Location,20 Rockland Falls Road,Rockland,https://archives.delaware.gov/delaware-historical-markers/rockland-mill-village/,https://archives.delaware.gov/wp-content/uploads/sites/156/2019/06/ncc-224-2.jpg
NCC-225,Washington Street Bridge (Washington Memorial Bridge),Historic Location,225 West 16th Street,Wilmington,https://archives.delaware.gov/delaware-historical-markers/washington-street-bridge/,https://archives.delaware.gov/wp-content/uploads/sites/156/2019/06/nc-225-25.jpg
NCC-226,Rodney Square,Historic Location,1000 N. Market Street,Wilmington,https://archives.delaware.gov/delaware-historical-markers/rodney-square/,https://archives.delaware.gov/wp-content/uploads/sites/156/2019/06/ncc-226-2.jpg
NCC-227,Fort DuPont,Historic Location,"5th St, Delaware City, DE 19706",Delaware City,https://archives.delaware.gov/delaware-historical-markers/fort-dupont/,https://archives.delaware.gov/wp-content/uploads/sites/156/2019/06/ncc_227.jpg
NCC-228,The Daniel Nichols House,Historic Location,297 Chippenham Lane,Hockessin,https://archives.delaware.gov/delaware-historical-markers/daniel-nichols-house/,https://archives.delaware.gov/wp-content/uploads/sites/156/2019/06/ncc-228-24.jpg
NCC-229,African Union Church Cemetery,Historic Location,107 West 5th Street,Delaware City,,
NCC-230,The Collins Park Bombings,Social History,100 Killoran Drive,New Castle,,
NCC-231,The Last Mustering of the Delaware Continentals,Social History,"Lewden Greene Park, 400 Christiana Road",Newark,https://archives.delaware.gov/delaware-historical-markers/last-mustering-of-the-delaware-continentals/,https://archives.delaware.gov/wp-content/uploads/sites/156/2022/10/ncc-231.jpg
NCC-232,Original Site of the White Clay Creek Presbyterian Church,House of Worship,1418 Old Coach Road,Newark,https://archives.delaware.gov/delaware-historical-markers/original-site-white-clay-creek-presbyterian-church/,https://archives.delaware.gov/wp-content/uploads/sites/156/2019/06/NCC-232.jpeg
NCC-233,Fells Mill Historic District,Historic Location,"3040 Faulkland Rd, approx 600 ft.  East of Brandywine Springs Park entrance",Wilmington,https://archives.delaware.gov/delaware-historical-markers/fells-mill-historic-district/,https://archives.delaware.gov/wp-content/uploads/sites/156/2019/06/ncc-233-2.jpg
NCC-234,The Tilton Mansion,Historic Location,805 North Broom Street,Wilmington,https://archives.delaware.gov/delaware-historical-markers/the-tilton-mansion/,https://archives.delaware.gov/wp-content/uploads/sites/156/2019/06/ncc-234-2.jpg
NCC-235,The Ashton Tract,Historic Location,507 Thorntown Road,Middletown,,
NCC-236,Forty Acres,Historic Location,1701 Delaware Avenue,Wilmington,https://archives.delaware.gov/delaware-historical-markers/forty-acres/,https://archives.delaware.gov/wp-content/uploads/sites/156/2025/09/nc-236-25.jpg
NCC-237,Witherspoon Tavern,Historic Location,12 W. Main Street,Middletown,,
NCC-238,Burton v. Wilmington Parking Authority,Historic Location,116 W. 9th Street (Installed on N. Shipley Street side of the intersection),Wilmington,https://archives.delaware.gov/delaware-historical-markers/burton-v-wilmington-parking-authority/,https://archives.delaware.gov/wp-content/uploads/sites/156/2019/06/ncc_238.jpg
NCC-239,Mount Pleasant Methodist Episcopal (ME) Church and Parsonage,House of Worship,"1009 Philadelphia Pike, located on edge of Bellevue State Park",Wilmington,https://archives.delaware.gov/delaware-historical-markers/mount-pleasant-me-church-and-parsonage/,https://archives.delaware.gov/wp-content/uploads/sites/156/2019/06/ncc-239-24.jpg
NCC-240,Louis L. Redding Comprehensive High School,School,302 East Lake Street,Middletown,https://archives.delaware.gov/delaware-historical-markers/louis-l-redding-comprehensive-high-school/,https://archives.delaware.gov/wp-content/uploads/sites/156/2019/06/ncc-240-2.jpg
NCC-241,Village of Port Penn,City / Town,1 West Market Street,Port Penn,https://archives.delaware.gov/delaware-historical-markers/village-of-port-penn/,https://archives.delaware.gov/wp-content/uploads/sites/156/2019/06/ncc_241.jpg
NCC-242,Delaware Chemical Engineering Company,Historic Location,3101 Miller Rd,Wilmington,https://archives.delaware.gov/delaware-historical-markers/delaware-chemical-engineering-company/,https://archives.delaware.gov/wp-content/uploads/sites/156/2025/10/nc-242-25.jpg
NCC-243,The Monday Club,Social History,903 N French St,Wilmington,,
NCC-244,The Lynching of George White,Social History,250 Greenbank Road (near brick tower),Wilmington,https://archives.delaware.gov/delaware-historical-markers/the-lynching-of-george-white/,https://archives.delaware.gov/wp-content/uploads/sites/156/2025/09/nc-244-25.jpg
NCC-245,New London Road Community,Historic Location,77 New London Road,Newark,https://archives.delaware.gov/delaware-historical-markers/new-london-road-community/,https://archives.delaware.gov/wp-content/uploads/sites/156/2019/06/ncc-245.jpg
NCC-246,Brandywine Village and the Road to Yorktown,Historic Location,1800 North Market Street,Wilmington,https://archives.delaware.gov/delaware-historical-markers/brandywine-village-and-the-road-to-yorktown/,https://archives.delaware.gov/wp-content/uploads/sites/156/2023/09/nc-246-3.jpg
NCC-247,Crooked Billet,Historic Location,3508 Kennett Pike,Greenville,https://archives.delaware.gov/delaware-historical-markers/crooked-billet/,https://archives.delaware.gov/wp-content/uploads/sites/156/2019/06/ncc-247.jpg
NCC-248,Abraham Shadd Family,Notable Person,849 N. French Street,Wilmington,https://archives.delaware.gov/delaware-historical-markers/abraham-shadd-family/,https://archives.delaware.gov/wp-content/uploads/sites/156/2019/06/ncc_248.jpg
NCC-249,Harvey Barn,Historic Location,2208 Millers Road,Wilmington,https://archives.delaware.gov/delaware-historical-markers/harvey-barn/,https://archives.delaware.gov/wp-content/uploads/sites/156/2019/06/ncc_249-2.jpg
NCC-250,Memorial Day Parade and Soldiers and Sailors Monument,Historic Location,1311 Delaware Avenue,Wilmington,https://archives.delaware.gov/delaware-historical-markers/memorial-day-parade-and-soldiers-and-sailors-monument/,https://archives.delaware.gov/wp-content/uploads/sites/156/2023/11/ncc_250-2.jpg
NCC-251,Site of African Union Church and Cemetery,House of Worship,2000 Varsity Lane,Bear,https://archives.delaware.gov/delaware-historical-markers/site-of-african-union-church-and-cemetery/,https://archives.delaware.gov/wp-content/uploads/sites/156/2019/06/NCC_251.jpeg
NCC-252,Cox-Phillips-Mitchell Agricultural Complex,Historic Location,1655 Old Wilmington Rd,Hockessin,https://archives.delaware.gov/delaware-historical-markers/cox-phillips-mitchell-agricultural-complex/,https://archives.delaware.gov/wp-content/uploads/sites/156/2019/06/ncc-252.jpg
NCC-253,Women's Suffrage Parade,Social History,101 North Walnut Street,Wilmington,https://archives.delaware.gov/delaware-historical-markers/womens-suffrage-parade/,https://archives.delaware.gov/wp-content/uploads/sites/156/2019/06/ncc-253-24.jpg
NCC-254,Farnhurst Potter's Field - New Castle County Hospital Cemetery,Historic Location,660 Baylor Blvd,New Castle,https://archives.delaware.gov/delaware-historical-markers/farnhurst-potters-field-new-castle-county-hospital-cemetery/,https://archives.delaware.gov/wp-content/uploads/sites/156/2019/06/nc-254-25.jpg
NCC-255,Newark Union Church and Cemetery,House of Worship,8 Newark Union Public Rd,Wilmington,https://archives.delaware.gov/delaware-historical-markers/newark-union-church-and-cemetery/,https://archives.delaware.gov/wp-content/uploads/sites/156/2019/06/ncc-255-2.jpg
NCC-256,Fort Delaware,,,,,
NCC-257,Henry Clay Village,Historic Location,101 Stone Block Row,Greenville,https://archives.delaware.gov/delaware-historical-markers/henry-clay-village/,https://archives.delaware.gov/wp-content/uploads/sites/156/2019/06/ncc_257.jpg
NCC-258,Equal Suffrage Study Club,Social History,107 5th Street,Delaware City,https://archives.delaware.gov/delaware-historical-markers/equal-suffrage-study-club/,https://archives.delaware.gov/wp-content/uploads/sites/156/2019/06/ncc-258-2.jpg
NCC-259,Industrial School for Colored Girls,School,1402 Newport Gap Pike,Wilmington,,
NCC-260,Unassigned,,,,,
NCC-261,Augustine Beach,Historic Location,1887 St. Augustine Rd,Middletown,https://archives.delaware.gov/delaware-historical-markers/augustine-beach/,https://archives.delaware.gov/wp-content/uploads/sites/156/2019/06/ncc-261-24.jpg
NCC-262,Wilmington Park,Historic Location,,,,
NCC-263,Absalom Jones School,School,310 Kiamensi Road,Wilmington,,
NCC-264,General Weedon's Foray at Spring Grove,Historic Location,3200 Stoney Batter Road,Wilmington,https://archives.delaware.gov/delaware-historical-markers/site-of-general-weedons-foray-at-spring-grove/,https://archives.delaware.gov/wp-content/uploads/sites/156/2019/06/ncc-264-24.jpg
NCC-A1,Holy Trinity Church,House of Worship,606 North Church Street,Wilmington,https://archives.delaware.gov/delaware-historical-markers/holy-trinity-church/,https://archives.delaware.gov/wp-content/uploads/sites/156/2024/06/ncc-a1-24-3.jpg
NCC-A10,Asbury Methodist Episcopal Church,House of Worship,226 North Walnut Street,Wilmington,https://archives.delaware.gov/delaware-historical-markers/asbury-methodist-episcopal-church/,https://archives.delaware.gov/wp-content/uploads/sites/156/2019/06/ncc-a10-24.jpg
NCC-A11,Buena Vista,Historic Location,661 S. Dupont Highway,New Castle,,
NCC-A12,Talbot's Fort,Historic Location,401 Eagle Run,Newark,https://archives.delaware.gov/delaware-historical-markers/talbots-fort/,https://archives.delaware.gov/wp-content/uploads/sites/156/2019/06/ncc-a12-2-24.jpg
NCC-A13,"""Sign of the Ship"" Tavern",Historic Location,230 North Market Street,Wilmington,https://archives.delaware.gov/delaware-historical-markers/sign-of-the-ship-tavern-2/,https://archives.delaware.gov/wp-content/uploads/sites/156/2019/06/ncc-a13-24.jpg
NCC-A14,Cooch House,Historic Location,961 South Old Baltimore Pike,Newark,,
NCC-A15,Delaware Bank Building,Historic Location,1925 Lovering Avenue,Wilmington,,
NCC-A16,Old Town Hall,Historic Location,,,,
NCC-A17,Shipley House,Historic Location,,,,
NCC-A18,Fort Christina,Historic Location,1110 East 7th Street,Wilmington,,
NCC-A2,Joseph Tatnall House,Historic Location,1803 N Market St,Wilmington,https://archives.delaware.gov/delaware-historical-markers/joseph-tatnall-house/,https://archives.delaware.gov/wp-content/uploads/sites/156/2019/06/ncc-a2-2.jpg
NCC-A3,"Old College, UD Newark",School,18 E Main St,Newark,https://archives.delaware.gov/delaware-historical-markers/old-college-a3/,https://archives.delaware.gov/wp-content/uploads/sites/156/2019/06/ncc-a3-25.jpg
NCC-A4,John Dickinson,Notable Person,403 Washington Street,Wilmington,https://archives.delaware.gov/delaware-historical-markers/john-dickinson/,https://archives.delaware.gov/wp-content/uploads/sites/156/2019/06/ncca4-2-2.jpg
NCC-A5,Van Dyke House,Historic Location,300 Delaware St,New Castle,https://archives.delaware.gov/delaware-historical-markers/van-dyke-house/,https://archives.delaware.gov/wp-content/uploads/sites/156/2019/06/ncc-a5-2.jpg
NCC-A6,Historic Museum / Amstel House,Historic Location,"2 East 4th Street, Historic New Castle",New Castle,https://archives.delaware.gov/delaware-historical-markers/historic-museum/,https://archives.delaware.gov/wp-content/uploads/sites/156/2019/06/nc-a6-25.jpg
NCC-A7,Battle of Cooch's Bridge,Historic Location,961 Old Baltimore Pike,Newark,,
NCC-A8,Site of the Home of George Read,Historic Location,42 The Strand,New Castle,https://archives.delaware.gov/delaware-historical-markers/site-of-the-home-of-george-read/,https://archives.delaware.gov/wp-content/uploads/sites/156/2019/06/ncc-a8-25.jpg
NCC-A9,Gunning Bedford House,Historic Location,6 The Strand,New Castle,https://archives.delaware.gov/delaware-historical-markers/gunning-bedford-house/,https://archives.delaware.gov/wp-content/uploads/sites/156/2019/06/nc-a9-25.jpg
SC-001,Northwest Fork Hundred,Hundred,11217 Sussex Highway,Greenwood,,
SC-002,Northwest Fork Hundred,Hundred,20467 Sussex Highway,Bridgeville,,
SC-003,Seaford Hundred,Hundred,20494 Sussex Highway,Bridgeville,,
SC-004,Seaford,City / Town,1602 Middleford Road,Seaford,,
SC-005,Seaford,City / Town,9109 Middleford Road,Seaford,https://archives.delaware.gov/delaware-historical-markers/seaford-5/,https://archives.delaware.gov/wp-content/uploads/sites/156/2019/06/sc-005-24.jpg
SC-006,Seaford Hundred,Hundred,503 Old Bridgeville Highway,Seaford,https://archives.delaware.gov/delaware-historical-markers/seaford-hundred-6/,https://archives.delaware.gov/wp-content/uploads/sites/156/2019/06/sc-06-25.jpg
SC-007,Broad Creek Hundred,Hundred,2140 Middleford Road,Seaford,,
SC-008,Laurel,City / Town,14823 Country Seat Highway,Seaford,,
SC-009,Broad Creek Hundred,Hundred,30547 Sussex Highway,Laurel,,
SC-010,Little Creek Hundred,Hundred,30549 Sussex Highway,Laurel,,
SC-011,Laurel,City / Town,939 South Central Avenue,Laurel,,
SC-012,Little Creek Hundred,Hundred,201 North Bi State Blvd,Delmar,https://archives.delaware.gov/delaware-historical-markers/little-creek-hundred-12/,https://archives.delaware.gov/wp-content/uploads/sites/156/2019/06/sc-12-24.jpg
SC-013,Cedar Creek Hundred,Hundred,506 Kings Highway,Milford,,
SC-014,Milford (13 & 36),City / Town,774 Dupont Blvd,Milford,https://archives.delaware.gov/delaware-historical-markers/milford-14/,https://archives.delaware.gov/wp-content/uploads/sites/156/2019/06/sc-14-2.jpg
SC-015,Cedar Creek Hundred,Hundred,506 Kings Highway,Milford,,
SC-016,Georgetown Hundred,Hundred,"West side of Rt 113, North of Mirey Branch (450 North of Woodlawn Memorial Park)",Georgetown,,
SC-017,Georgetown,City / Town,202 Berlin Road,Georgetown,,
SC-018,Georgetown,City / Town,22168 Dupont Blvd,Georgetown,,
SC-019,Georgetown Hundred,Hundred,25189 Dupont Blvd,Georgetown,,
SC-020,Dagsboro Hundred,Hundred,25189 Dupont Blvd,Georgetown,,
SC-021,Dagsboro,City / Town,32335 Dupont Blvd,Dagsboro,,
SC-022,Dagsboro Hundred,Hundred,34407 Dupont Blvd,Frankford,,
SC-023,Baltimore Hundred,Hundred,30790 Vines Creek Road,Dagsboro,https://archives.delaware.gov/delaware-historical-markers/baltimore-hundred-23/,https://archives.delaware.gov/wp-content/uploads/sites/156/2019/06/sc-23-24.jpg
SC-024,Baltimore Hundred,Hundred,38581 Dupont Blvd,Selbyville,,
SC-025,Cedar Creek Hundred,Hundred,217 North Rehoboth Boulevard,Milford,,
SC-026,Milford (Old Post Office),City / Town,139 South Walnut Street,Milford,https://archives.delaware.gov/delaware-historical-markers/milford-26/,https://archives.delaware.gov/wp-content/uploads/sites/156/2019/06/sc-26-2.jpg
SC-027,Cedar Creek Hundred,Hundred,11219 Coastal Highway,Milton,https://archives.delaware.gov/delaware-historical-markers/cedar-creek-hundred-27/,https://archives.delaware.gov/wp-content/uploads/sites/156/2019/06/sc-207-25.jpg
SC-028,Broadkiln Hundred,Hundred,Southbound side of Coastal Highway and Route 5,Milton,,
SC-029,Broadkiln Hundred,Hundred,16503 Coastal Highway,Lewes,https://archives.delaware.gov/delaware-historical-markers/broadkiln-hundred-29/,https://archives.delaware.gov/wp-content/uploads/sites/156/2025/02/sc-29-25.jpg
SC-030,Lewes & Rehoboth Hundred,Hundred,1111 Coastal Highway,Lewes,,
SC-031,Lewes (Hoorn Kil),City / Town,109 West Market Street,Lewes,https://archives.delaware.gov/delaware-historical-markers/lewes-31/,https://archives.delaware.gov/wp-content/uploads/sites/156/2019/06/sc-31-25.jpg
SC-032,Lewes (Hoorn Kil),City / Town,1141 Savannah Road,Lewes,https://archives.delaware.gov/delaware-historical-markers/lewes-32/,https://archives.delaware.gov/wp-content/uploads/sites/156/2025/12/sc-32-25.jpg
SC-033,Lewes (Shields Elem),City / Town,889 Savannah Road,Lewes,,
SC-034,Lewes (Zwaanendael),City / Town,302 Savannah Road,Lewes,https://archives.delaware.gov/delaware-historical-markers/lewes-34/,https://archives.delaware.gov/wp-content/uploads/sites/156/2019/06/sc-34-25.jpg
SC-035,Lewes,City / Town,Lewes Creek Bridge,Lewes,,
SC-036,Georgetown,City / Town,705 East Market Street,Georgetown,https://archives.delaware.gov/delaware-historical-markers/georgetown-36/,https://archives.delaware.gov/wp-content/uploads/sites/156/2019/06/sc-36-24.jpg
SC-037,Georgetown Hundred,Hundred,25141 Lewes Georgetown Highway,Georgetown,,
SC-038,Broadkiln Hundred,Hundred,25895 Fawn Lane,Georgetown,,
SC-039,Broadkiln Hundred,Hundred,184 Lewes Georgetown Highway,Milton,,
SC-040,Lewes & Rehoboth Hundred,Hundred,171 Lewes Georgetown Highway,Milton,,
SC-041,Georgetown Hundred,Hundred,18643 County Seat Highway,Georgetown,,
SC-042,Nanticoke Hundred,Hundred,18643 County Seat Highway,Georgetown,,
SC-043,Nanticoke Hundred,Hundred,14838 County Seat Highway,Seaford,,
SC-044,Broad Creek Hundred,Hundred,14812 County Seat Highway,Seaford,,
SC-045,Broad Creek Hundred,Hundred,14967 County Seat Highway,Seaford,,
SC-046,Georgetown,City / Town,20601 Dupont Blvd,Georgetown,,
SC-047,Georgetown Hundred,Hundred,18282 Seashore Highway,Georgetown,,
SC-048,Nanticoke Hundred,Hundred,18251 Seashore Highway,Georgetown,,
SC-049,Nanticoke Hundred,Hundred,10456 Seashore Highway,Bridgeville,,
SC-050,Seaford Hundred,Hundred,10514 Seashore Highway,Bridgeville,https://archives.delaware.gov/delaware-historical-markers/seaford-hundred-50/,https://archives.delaware.gov/wp-content/uploads/sites/156/2019/06/sc-50-24.jpg
SC-051,Northwest Fork Hundred,Hundred,10033 Seashore Highway,Bridgeville,,
SC-052,Dagsboro Hundred,Hundred,30007 John J. Williams Highway,Millsboro,,
SC-053,Indian River Hundred,Hundred,26414 Jersey Road,Millsboro,https://archives.delaware.gov/delaware-historical-markers/indian-river-hundred-53/,https://archives.delaware.gov/wp-content/uploads/sites/156/2019/06/sc-53-24.jpg
SC-054,Indian River Hundred,Hundred,33660 Aquila Lane,Lewes,,
SC-055,Lewes & Rehoboth Hundred,Hundred,20425 John J. Williams Highway,Lewes,,
SC-056,Dagsboro Hundred,Hundred,34153 Millsboro Highway,Frankford,,
SC-057,Gumboro Hundred,Hundred,34216 Millsboro Highway (Marker is approx 400 ft north of intersection with RD 413.  Marker sits on west side of Millsboro Highway),Frankford,https://archives.delaware.gov/delaware-historical-markers/gumboro-hundred-57/,https://archives.delaware.gov/wp-content/uploads/sites/156/2019/06/sc_057-2.jpg
SC-058,Gumboro Hundred,Hundred,20631 Road 414,Millsboro,,
SC-059,Dagsboro,City / Town,33094 Main Street,Dagsboro,https://archives.delaware.gov/delaware-historical-markers/dagsboro-sc59/,https://archives.delaware.gov/wp-content/uploads/sites/156/2019/06/sc-59.jpg
SC-060,Dagsboro,City / Town,29618 Road 382,Dagsboro,,
SC-061,Dagsboro Hundred,Hundred,"Intersection of Falling Point Rd & Vine Creek Road, North side of Falling Point Road",Dagsboro,,
SC-062,Baltimore Hundred,Hundred,,,,
SC-063,Old Christ Church (Broadcreek),House of Worship,12226 Chipmans Pond Road,Laurel,https://archives.delaware.gov/delaware-historical-markers/old-christ-church-63/,https://archives.delaware.gov/wp-content/uploads/sites/156/2019/06/sc-63-2.jpg
SC-064,"Bethel Church (Brown's Chapel, Seaford)",House of Worship,2371 Neals School Road,Seaford,https://archives.delaware.gov/delaware-historical-markers/bethel-church-64/,https://archives.delaware.gov/wp-content/uploads/sites/156/2025/10/sc-64-25.jpg
SC-065,Cannon's Ferry,Historic Location,"Road  79 and Road  78, north of Bethel, Woodland.",Seaford,,
SC-066,Pilot Town,Historic Location,South side of Henry Drive and Church Road intersection,Seaford,https://archives.delaware.gov/wp-content/uploads/sites/156/2019/06/sc-143-25.jpg,https://archives.delaware.gov/wp-content/uploads/sites/156/2019/06/sc-66-25.jpg
SC-067,Governor John Collins,Notable Person,12685 Seashore Highway,Georgetown,https://archives.delaware.gov/delaware-historical-markers/governor-john-collins/,https://archives.delaware.gov/wp-content/uploads/sites/156/2019/06/sc-67-24.jpg
SC-068,Nathaniel Mitchell (1752-1813),Notable Person,12226 Chipmans Pond Road,Laurel,https://archives.delaware.gov/delaware-historical-markers/nathaniel-mitchell-1752-1813/,https://archives.delaware.gov/wp-content/uploads/sites/156/2019/06/sc-68.jpg
SC-069,Highball Signal,Historic Location,10 North Pennsylvania Avenue,Delmar,https://archives.delaware.gov/delaware-historical-markers/highball-signal/,https://archives.delaware.gov/wp-content/uploads/sites/156/2019/06/sc-69-25.jpg
SC-070,Cannon-Maston House,Historic Location,21745 Atlanta Road,Seaford,https://archives.delaware.gov/delaware-historical-markers/cannon-maston-house/,https://archives.delaware.gov/wp-content/uploads/sites/156/2019/06/sc-70-24.jpg
SC-071,Sudler House Attawattacoquin,Historic Location,127 North Main Street,Bridgeville,https://archives.delaware.gov/delaware-historical-markers/sudler-house/,https://archives.delaware.gov/wp-content/uploads/sites/156/2019/06/sc-71-24.jpg
SC-072,George Alfred Townsend Birthplace,Historic Location,18 The Circle,Georgetown,https://archives.delaware.gov/delaware-historical-markers/george-alfred-townsend-birthplace/,https://archives.delaware.gov/wp-content/uploads/sites/156/2019/06/sc-72-25.jpg
SC-073,"Shipwreck of ""The Faithful Steward""",Historic Location,Savages Ditch Road,Rehoboth Beach,https://archives.delaware.gov/delaware-historical-markers/shipwreck-of-the-faithful-steward/,https://archives.delaware.gov/wp-content/uploads/sites/156/2019/06/sc-073-1.jpg
SC-074,Transpeninsular Line,Geography,39046 Gray's Lane,Fenwick Island,https://archives.delaware.gov/delaware-historical-markers/transpeninsular-line/,https://archives.delaware.gov/wp-content/uploads/sites/156/2019/06/sc-074-2.jpg
SC-075,Delaware Breakwater Quarantine Station 1884-1926,Historic Location,14884 Bay Road,Lewes,,
SC-076,Delaware Technical & Community College,School,21179 College Drive,Georgetown,https://archives.delaware.gov/delaware-historical-markers/delaware-technical-community-college/,https://archives.delaware.gov/wp-content/uploads/sites/156/2019/06/sc-76-25.jpg
SC-077,Governor Ross Mansion,Historic Location,23669 Ross Station Road,Seaford,https://archives.delaware.gov/delaware-historical-markers/governor-ross-mansion/,https://archives.delaware.gov/wp-content/uploads/sites/156/2019/06/SC_077-2.jpg
SC-078,"Ocean View, Delaware: Birthplace of the Commercial Boiler Industry",City / Town,39 Central Avenue,Ocean View,https://archives.delaware.gov/delaware-historical-markers/ocean-view-delaware-birthplace-commercial-broiler-industry/,https://archives.delaware.gov/wp-content/uploads/sites/156/2019/06/sc-78-2.jpg
SC-079,Bethel Shipyard,Historic Location,Main Avenue (near Broad Creek Bridge),Bethel,https://archives.delaware.gov/delaware-historical-markers/bethel-shipyard/,https://archives.delaware.gov/wp-content/uploads/sites/156/2019/06/sc-79-25.jpg
SC-080,William C. Jason Comprehensive High School,School,Rt. 404 in front of Del Tech Campus (21225 College Dr.),Georgetown,https://archives.delaware.gov/delaware-historical-markers/william-c-jason-comprehensive-high-school/,https://archives.delaware.gov/wp-content/uploads/sites/156/2019/06/sc-80-2023-3.jpg
SC-081,"Absalom Jones, 1746-1818",Notable Person,"South Side of Route 36, approximately 1/8 mile west of the intersection of Route 36 and Route 1, Milford, DE",Milford,https://archives.delaware.gov/delaware-historical-markers/absalom-jones/,https://archives.delaware.gov/wp-content/uploads/sites/156/2019/06/sc-81.jpg
SC-082,Milton,City / Town,661 Federal Street,Milton,https://archives.delaware.gov/delaware-historical-markers/milton-8/,https://archives.delaware.gov/wp-content/uploads/sites/156/2019/06/sc-82-24.jpg
SC-083,Milton,City / Town,616 Union Street,Milton,https://archives.delaware.gov/delaware-historical-markers/milton-83/,https://archives.delaware.gov/wp-content/uploads/sites/156/2019/06/sc-83-3.jpg
SC-084,Laurel,City / Town,939 S. Central Avenue,Laurel,https://archives.delaware.gov/delaware-historical-markers/laurel/,https://archives.delaware.gov/wp-content/uploads/sites/156/2019/06/sc-84.jpg
SC-085,Return Day,Social History,18 The Circle,Georgetown,https://archives.delaware.gov/delaware-historical-markers/return-day/,https://archives.delaware.gov/wp-content/uploads/sites/156/2019/06/sc-85-25.jpg
SC-086,Pettijohns Old Field,Historic Location,39 The Circle,Georgetown,https://archives.delaware.gov/delaware-historical-markers/pettijohns-old-field/,https://archives.delaware.gov/wp-content/uploads/sites/156/2019/06/sc-86.jpg
SC-087,Sussex County Courthouse,Historic Location,2 The Circle,Georgetown,https://archives.delaware.gov/delaware-historical-markers/sussex-county-courthouse/,https://archives.delaware.gov/wp-content/uploads/sites/156/2019/06/sc-87-25.jpg
SC-088,Relocation of County Seat,Social History,28 The Circle,Georgetown,https://archives.delaware.gov/delaware-historical-markers/relocation-of-county-seat/,https://archives.delaware.gov/wp-content/uploads/sites/156/2025/12/sc-88-25.jpg
SC-089,Fort Saulsbury,Historic Location,22988 Cedar Beach Road,Milford,https://archives.delaware.gov/delaware-historical-markers/fort-saulsbury/,https://archives.delaware.gov/wp-content/uploads/sites/156/2019/06/sc-089.jpg
SC-090,City of Rehoboth Beach,City / Town,1 Rehoboth Avenue,Rehoboth,https://archives.delaware.gov/delaware-historical-markers/city-of-rehoboth-beach/,https://archives.delaware.gov/wp-content/uploads/sites/156/2019/06/sc-90-25.jpg
SC-091,Old Courthouse,Historic Location,10 South Bedford Street,Georgetown,https://archives.delaware.gov/delaware-historical-markers/old-courthouse/,https://archives.delaware.gov/wp-content/uploads/sites/156/2019/06/sc-91-2.jpg
SC-092,Old Sound Methodist Church,House of Worship,35141 Johnson Store Road,Selbyville,https://archives.delaware.gov/delaware-historical-markers/old-sound-methodist-church/,https://archives.delaware.gov/wp-content/uploads/sites/156/2019/06/sc-92-2.jpg
SC-093,Antioch Camp Meeting,House of Worship,194 Clayton Avenue,Frankford,https://archives.delaware.gov/delaware-historical-markers/antioch-camp-meeting/,https://archives.delaware.gov/wp-content/uploads/sites/156/2019/06/sc_093.jpg
SC-094,Forty & Eight Boxcar,Historic Location,230 North Front Street,Seaford,https://archives.delaware.gov/delaware-historical-markers/forty-eight-boxcar/,https://archives.delaware.gov/wp-content/uploads/sites/156/2019/06/sc-94-2.jpg
SC-095,Academy / Masonic Hall,Historic Location,151 East Market Street,Georgetown,https://archives.delaware.gov/delaware-historical-markers/academy-masonic-hall/,https://archives.delaware.gov/wp-content/uploads/sites/156/2019/06/sc-95-24.jpg
SC-096,General Alfred T.A. Torbert,Notable Person,109 West Pine Street,Georgetown,https://archives.delaware.gov/delaware-historical-markers/general-alfred-t-a-torbert/,https://archives.delaware.gov/wp-content/uploads/sites/156/2019/06/sc-96-24.jpg
SC-097,Bethel Church (Millsboro),House of Worship,22365 Bethel Road,Millsboro,https://archives.delaware.gov/delaware-historical-markers/bethel-church-97/,https://archives.delaware.gov/wp-content/uploads/sites/156/2019/06/sc-97-25.jpg
SC-098,Carey's Camp,House of Worship,22053 Careys Camp Road,Millsboro,https://archives.delaware.gov/delaware-historical-markers/careys-camp/,https://archives.delaware.gov/wp-content/uploads/sites/156/2025/10/sc-98-25.jpg
SC-099,Zoar United Methodist Church,House of Worship,24463 Gravel Hill Rd,Millsboro,https://archives.delaware.gov/delaware-historical-markers/zoar-united-methodist-church/,https://archives.delaware.gov/wp-content/uploads/sites/156/2019/06/sc-099-2.jpg
SC-100,Blades United Methodist Church,House of Worship,306 S. Market Street,Seaford,https://archives.delaware.gov/delaware-historical-markers/blades-united-methodist-church/,https://archives.delaware.gov/wp-content/uploads/sites/156/2019/06/sc-100-25.jpg
SC-101,St. Paul's Protestant Episcopal Church,House of Worship,122 East Pine Street,Georgetown,https://archives.delaware.gov/delaware-historical-markers/st-pauls-protestant-episcopal-church/,https://archives.delaware.gov/wp-content/uploads/sites/156/2019/06/sc-101-25.jpg
SC-102,Dickerson Chapel A.M.E. Church,House of Worship,28845 East Dupont Blvd,Millsboro,https://archives.delaware.gov/delaware-historical-markers/dickerson-chapel-ame-church/,https://archives.delaware.gov/wp-content/uploads/sites/156/2019/06/SC-102-2.jpg
SC-103,Town of Delmar,City / Town,419 East State Street,Delmar,https://archives.delaware.gov/delaware-historical-markers/town-of-delmar/,https://archives.delaware.gov/wp-content/uploads/sites/156/2019/06/sc-103.jpg
SC-104,Line United Methodist Church,House of Worship,18725 Line Church Road,Delmar,https://archives.delaware.gov/delaware-historical-markers/line-united-methodist-church/,https://archives.delaware.gov/wp-content/uploads/sites/156/2019/06/sc-104-25.jpg
SC-105,Bethany United Methodist Church (Lowes Crossroads),House of Worship,19845 Lowes Crossing Road,Millsboro,https://archives.delaware.gov/delaware-historical-markers/bethany-united-methodist-church-lowes-crossroads/,https://archives.delaware.gov/wp-content/uploads/sites/156/2019/06/sc-105-24.jpg
SC-106,Gumboro United Methodist Church,House of Worship,36633 Main Street,Gumboro,https://archives.delaware.gov/delaware-historical-markers/gumboro-united-methodist-church/,https://archives.delaware.gov/wp-content/uploads/sites/156/2022/04/sc_106.jpg
SC-107,Prospect A.M.E. Church (Georgetown),House of Worship,220 South Railroad Avenue,Georgetown,https://archives.delaware.gov/delaware-historical-markers/prospect-ame-church/,https://archives.delaware.gov/wp-content/uploads/sites/156/2025/09/sc-107-25.jpg
SC-108,St. John‘s Methodist Church (Georgetown),House of Worship,22179 Gravel Hill Road,Georgetown,https://archives.delaware.gov/delaware-historical-markers/st-johns-methodist-church/,https://archives.delaware.gov/wp-content/uploads/sites/156/2025/11/sc-108-25.jpg
SC-109,St. George's United Methodist Church,House of Worship,34337 Omar Road,Frankford,https://archives.delaware.gov/delaware-historical-markers/st-georges-united-methodist-church/,https://archives.delaware.gov/wp-content/uploads/sites/156/2019/06/sc-109-25.jpg
SC-110,Concord United Methodist Church,House of Worship,25332 Church Road,Seaford,https://archives.delaware.gov/delaware-historical-markers/concord-united-methodist-church/,https://archives.delaware.gov/wp-content/uploads/sites/156/2019/06/sc-110-25.jpg
SC-111,The Judges,Historic Location,122 West Market Street,Georgetown,https://archives.delaware.gov/delaware-historical-markers/the-judges/,https://archives.delaware.gov/wp-content/uploads/sites/156/2019/06/sc-111.jpg
SC-112,Bethesda United Methodist Church (Georgetown),House of Worship,25073 Bethesda Road,Georgetown,https://archives.delaware.gov/delaware-historical-markers/bethesda-united-methodist-church/,https://archives.delaware.gov/wp-content/uploads/sites/156/2019/06/sc-112-25.jpg
SC-113,Hickory Hill Methodist Church,House of Worship,32433 Molly Field Road,Dagsboro,https://archives.delaware.gov/delaware-historical-markers/hickory-hill-methodist-church/,https://archives.delaware.gov/wp-content/uploads/sites/156/2024/04/sc-113-2.jpg
SC-114,Nanticoke Post #6,Social History,230 North Front Street,Seaford,https://archives.delaware.gov/delaware-historical-markers/nanticoke-post-6/,https://archives.delaware.gov/wp-content/uploads/sites/156/2019/06/sc-114-2.jpg
SC-115,Slaughter Neck United Methodist Church,House of Worship,23221 Argos Corner Road,Milford,https://archives.delaware.gov/delaware-historical-markers/slaughter-neck-united-methodist-church/,https://archives.delaware.gov/wp-content/uploads/sites/156/2019/06/sc-115-2.jpg
SC-116,Queen Anne's Railroad,Historic Location,684 Chestnut Street,Milton,https://archives.delaware.gov/delaware-historical-markers/queen-annes-railroad/,https://archives.delaware.gov/wp-content/uploads/sites/156/2019/06/sc-117-25.jpg
SC-117,Wesley United Methodist Church (Georgetown),House of Worship,102 East Laurel Street,Georgetown,,
SC-118,Prince George‘s Chapel,House of Worship,32040 Ward Lane,Dagsboro,https://archives.delaware.gov/delaware-historical-markers/prince-georges-chapel/,https://archives.delaware.gov/wp-content/uploads/sites/156/2019/06/sc-118-24.jpg
SC-119,Union Wesley United Methodist Church & Campground,House of Worship,32137 Powell Farm Road,Frankford,,
SC-120,St. Paul‘s United Methodist Church (Laurel),House of Worship,32827 Old Stage Road,Laurel,https://archives.delaware.gov/delaware-historical-markers/st-pauls-united-methodist-church/,https://archives.delaware.gov/wp-content/uploads/sites/156/2019/06/sc120.jpg
SC-121,Westwoods Methodist Church,House of Worship,21999 Westwoods Road,Millsboro,https://archives.delaware.gov/delaware-historical-markers/westwoods-methodist-church/,https://archives.delaware.gov/wp-content/uploads/sites/156/2019/06/sc-121-25.jpg
SC-122,Indian Mission United Methodist Church,House of Worship,22701 Indian Mission Road,Harbeson,https://archives.delaware.gov/delaware-historical-markers/indian-mission-methodist-church/,https://archives.delaware.gov/wp-content/uploads/sites/156/2019/06/sc-122-24.jpg
SC-123,Asbury United Methodist Church (Seaford),House of Worship,26161 Asbury Road,Seaford,https://archives.delaware.gov/delaware-historical-markers/asbury-united-methodist-church/,https://archives.delaware.gov/wp-content/uploads/sites/156/2025/12/sc-123-25.jpg
SC-124,Mariner's Bethel United Methodist Church,House of Worship,81 Central Avenue,Ocean View,,
SC-125,Abbott's Mill,Historic Location,15411 Abbotts Pond Road,Milford,https://archives.delaware.gov/delaware-historical-markers/abbotts-mill/,https://archives.delaware.gov/wp-content/uploads/sites/156/2023/07/sc-125-2.jpg
SC-126,Mount Olivet United Methodist Church (Seaford),House of Worship,315 High Street,Seaford,https://archives.delaware.gov/delaware-historical-markers/mount-olivet-united-methodist-church-seaford/,https://archives.delaware.gov/wp-content/uploads/sites/156/2019/06/sc-126-25.jpg
SC-127,Goshen Cemetery (Milton),Historic Location,207 Chestnut Street,Milton,,
SC-128,Salem United Methodist Church (Selbyville),House of Worship,29 Church Street,Selbyville,https://archives.delaware.gov/delaware-historical-markers/salem-united-methodist-church-2/,https://archives.delaware.gov/wp-content/uploads/sites/156/2019/06/sc-128-24.jpg
SC-129,Godwin's School District #190,School,23235 Godwin School Road,Millsboro,https://archives.delaware.gov/delaware-historical-markers/godwins-school-district-190/,https://archives.delaware.gov/wp-content/uploads/sites/156/2024/02/sc-129-3.jpg
SC-130,Providence Methodist Church (Georgetown),House of Worship,24937 Shortly Road,Georgetown,https://archives.delaware.gov/delaware-historical-markers/providence-methodist-church/,https://archives.delaware.gov/wp-content/uploads/sites/156/2019/06/sc-130-25.jpg
SC-131,Site of Jacobs School #143,School,Northern corner of Tatman Farm Road & Seashore Highway,Bridgeville,https://archives.delaware.gov/delaware-historical-markers/jacobs-school-143/,https://archives.delaware.gov/wp-content/uploads/sites/156/2023/10/sc-131-3.jpg
SC-132,St. George's Chapel,House of Worship,20274 Beaver Dam Road,Harbeson,https://archives.delaware.gov/delaware-historical-markers/st-georges-chapel/,https://archives.delaware.gov/wp-content/uploads/sites/156/2019/06/sc-132-24.jpg
SC-133,Georgetown Presbyterian Church,House of Worship,203 North Bedford Street,Georgetown,https://archives.delaware.gov/delaware-historical-markers/georgetown-presbyterian-church/,https://archives.delaware.gov/wp-content/uploads/sites/156/2025/11/sc-133-25.jpg
SC-134,King's United Methodist Church (Laurel),House of Worship,34516 Gordy Road,Laurel,,
SC-135,St. George's Methodist Church (Delmar),House of Worship,34894 St George Road,Delmar,,
SC-136,Grace United Methodist Church (Millsboro),House of Worship,300 East Church Street,Millsboro,https://archives.delaware.gov/delaware-historical-markers/grace-united-methodist-church-136/,https://archives.delaware.gov/wp-content/uploads/sites/156/2025/11/sc-136-25.jpg
SC-137,Frankford United Methodist Church,House of Worship,12 Clayton Avenue,Frankford,https://archives.delaware.gov/delaware-historical-markers/frankford-united-methodist-church/,https://archives.delaware.gov/wp-content/uploads/sites/156/2019/06/sc-137-24.jpg
SC-138,Maull House,Historic Location,538 Pilot Town Road,Lewes,https://archives.delaware.gov/delaware-historical-markers/maull-house/,https://archives.delaware.gov/wp-content/uploads/sites/156/2019/06/sc-138-2.jpg
SC-139,The Brick Hotel,Historic Location,18 The Circle,Georgetown,https://archives.delaware.gov/delaware-historical-markers/the-brick-hotel/,https://archives.delaware.gov/wp-content/uploads/sites/156/2019/06/sc-139-24.jpg
SC-140,Greenwood School 222-C,School,,,,
SC-141,Jones Cemetery,Historic Location,21025 Lowes Crossing Road,Millsboro,https://archives.delaware.gov/delaware-historical-markers/jones-cemetery/,https://archives.delaware.gov/wp-content/uploads/sites/156/2019/06/sc-141-24.jpg
SC-142,Grace United Methodist Church (Georgetown),House of Worship,7 South King Street,Georgetown,https://archives.delaware.gov/delaware-historical-markers/grace-united-methodist-church-142/,https://archives.delaware.gov/wp-content/uploads/sites/156/2019/06/sc-142-24.jpg
SC-143,Shipbuilding on the Broadkill,Social History,113 Union Street,Milton,https://archives.delaware.gov/delaware-historical-markers/shipbuilding-on-the-broadkill/,https://archives.delaware.gov/wp-content/uploads/sites/156/2019/06/sc-143-25.jpg
SC-144,Ships and Men,Social History,113 Union Street,Milton,https://archives.delaware.gov/delaware-historical-markers/ships-and-men/,https://archives.delaware.gov/wp-content/uploads/sites/156/2019/06/sc-144-25.jpg
SC-145,Christ United Methodist Church (Laurel),House of Worship,507 South Central Avenue,Laurel,https://archives.delaware.gov/delaware-historical-markers/christ-united-methodist-church/,https://archives.delaware.gov/wp-content/uploads/sites/156/2019/06/sc-145-2.jpg
SC-146,New Zion UMC,House of Worship,,,,
SC-147,Macedonia AME Church,House of Worship,431 North Street,Seaford,https://archives.delaware.gov/delaware-historical-markers/macedonia-ame-church/,https://archives.delaware.gov/wp-content/uploads/sites/156/2019/06/sc-147-25.jpg
SC-148,Indian River Inlet Life-Saving Station,Historic Location,25039 Coastal Highway,Millsboro,https://archives.delaware.gov/delaware-historical-markers/indian-river-life-saving-station/,https://archives.delaware.gov/wp-content/uploads/sites/156/2019/06/sc-148.jpg
SC-149,St. Johnstown Methodist Church,House of Worship,13471 St. Johnstown Road,Greenwood,,
SC-150,Mount Pleasant Methodist Church,House of Worship,33038 Mount Pleasant Road,Laurel,https://archives.delaware.gov/delaware-historical-markers/mount-pleasant-methodist-church/,https://archives.delaware.gov/wp-content/uploads/sites/156/2019/06/sc-150-25.jpg
SC-151,Cokesbury Church,House of Worship,15092 Road 529,Georgetown,https://archives.delaware.gov/delaware-historical-markers/cokesbury-church/,https://archives.delaware.gov/wp-content/uploads/sites/156/2025/09/sc-151-25.jpg
SC-152,Goshen United Methodist Church (Milton),House of Worship,103 Mulberry Street,Milton,https://archives.delaware.gov/delaware-historical-markers/goshen-united-methodist-church/,https://archives.delaware.gov/wp-content/uploads/sites/156/2019/06/sc_152.jpg
SC-153,"Milton Fire Department, Inc.",Historic Location,116 Front Street,Milton,,
SC-154,Home of John G. Townsend Jr.,Notable Person,11 South Main Street,Selbyville,https://archives.delaware.gov/delaware-historical-markers/john-g-townsend-jr/,https://archives.delaware.gov/wp-content/uploads/sites/156/2019/06/sc-154-24.jpg
SC-155,Old Seaford Post Office,Historic Location,203 High Street,Seaford,,
SC-156,St. John the Baptist Episcopal Church (Milton),House of Worship,307 Federal Street,Milton,https://archives.delaware.gov/delaware-historical-markers/st-john-the-baptist-episcopal-church/,https://archives.delaware.gov/wp-content/uploads/sites/156/2019/06/sc-156-24.jpg
SC-157,Lewes Presbyterian Church and Cemetery,House of Worship,133 Kings Highway,Lewes,https://archives.delaware.gov/delaware-historical-markers/lewes-presbyterian-church/,https://archives.delaware.gov/wp-content/uploads/sites/156/2019/06/sc157.jpg
SC-158,Bethany Beach Loop Canal,Historic Location,123 1st Street,Bethany Beach,https://archives.delaware.gov/delaware-historical-markers/bethany-beach-loop-canal/,https://archives.delaware.gov/wp-content/uploads/sites/156/2019/06/sc-158-24.jpg
SC-159,Epworth Cemetery (Laurel),Historic Location,"Sycamore Road / Road 476, Laurel, DE 19956",Laurel,https://archives.delaware.gov/delaware-historical-markers/epworth-cemetery/,https://archives.delaware.gov/wp-content/uploads/sites/156/2025/09/sc-159-25.jpg
SC-160,Centenary United Methodist Church (Laurel),House of Worship,210 West Market Street,Laurel,,
SC-161,The Zwaanendael Club,Social History,302 Savannah Road,Lewes,https://archives.delaware.gov/delaware-historical-markers/zwaanendael-club/,https://archives.delaware.gov/wp-content/uploads/sites/156/2019/06/sc-161-24.jpg
SC-162,Governor Samuel Paynter,Notable Person,"South end Governor's Walk along Broadkill River, Mulberry Street near Art Crosswalk",Milton,https://archives.delaware.gov/delaware-historical-markers/governor-samuel-paynter/,https://archives.delaware.gov/wp-content/uploads/sites/156/2023/09/sc-162-2.jpg
SC-163,St. Luke‘s Episcopal Church (Seaford),House of Worship,202 North Street,Seaford,,
SC-164,Seaford Fire Department,Historic Location,302 East King Street,Seaford,https://archives.delaware.gov/delaware-historical-markers/seaford-fire-department/,https://archives.delaware.gov/wp-content/uploads/sites/156/2019/06/sc_164.jpg
SC-165,The Holly Industry,Social History,"Milton Memorial Park, 113 Union Street",Milton,https://archives.delaware.gov/delaware-historical-markers/holly-industry/,https://archives.delaware.gov/wp-content/uploads/sites/156/2025/11/sc-165-25.jpg
SC-166,Portsville United Methodist Church,House of Worship,31060 Dogwood Lane,Laurel,,
SC-167,The Bombardment of Lewes,Historic Location,117a Front Street,Lewes,https://archives.delaware.gov/delaware-historical-markers/bombardment-of-lewes/,https://archives.delaware.gov/wp-content/uploads/sites/156/2019/06/sc-167-2.jpg
SC-168,The Cannonball House,Historic Location,118 Front Street,Lewes,,
SC-169,Trinity Methodist Church (Laurel),House of Worship,17249 Phillips Hill Road,Laurel,,
SC-170,Georgetown Fire Company,Historic Location,100 South Bedford Street,Georgetown,https://archives.delaware.gov/delaware-historical-markers/georgetown-fire-company/,https://archives.delaware.gov/wp-content/uploads/sites/156/2019/06/sc_170.jpg
SC-171,West Rehoboth,Historic Location,,,,
SC-172,Bullseye - Ferry Landing,Historic Location,28471 John J Williams Hwy,Millsboro,https://archives.delaware.gov/delaware-historical-markers/bullseye-ferry-landing/,https://archives.delaware.gov/wp-content/uploads/sites/156/2019/06/sc_172-2.jpg
SC-173,Woodland Ferry,Historic Location,South Side of Nanticoke River on Woodland Ferry Road,Seaford,https://archives.delaware.gov/delaware-historical-markers/woodland-ferry/,https://archives.delaware.gov/wp-content/uploads/sites/156/2019/06/sc-173-2.jpg
SC-174,Zion United Methodist Church (Milton),House of Worship,26743 Broadkill Road,Milton,https://archives.delaware.gov/delaware-historical-markers/zion-united-methodist-church/,https://archives.delaware.gov/wp-content/uploads/sites/156/2019/06/sc-174-25.jpg
SC-175,Lightship Overfalls,Historic Location,219 Pilottown Road,Lewes,https://archives.delaware.gov/delaware-historical-markers/lightship-overfalls/,https://archives.delaware.gov/wp-content/uploads/sites/156/2019/06/sc-175.jpg
SC-176,Governor David Hazzard,Notable Person,"The Governor's Walk, 100 Magnolia Street",Milton,https://archives.delaware.gov/delaware-historical-markers/governor-david-hazzard/,https://archives.delaware.gov/wp-content/uploads/sites/156/2019/06/sc-176-24.jpg
SC-177,St. Johns United Methodist Church (Seaford),House of Worship,300 North Pine Street,Seaford,,
SC-178,Oak Grove Crownstone,Geography,29000 North Oak Grove Road,Seaford,,
SC-179,Phillis Wheatley School,School,48 Church Street,Bridgeville,https://archives.delaware.gov/delaware-historical-markers/phillis-wheatley-school/,https://archives.delaware.gov/wp-content/uploads/sites/156/2019/06/sc_179.jpg
SC-180,Hiram Rodney Burton House,Historic Location,110 Shipcarpenter Street,Lewes,,
SC-181,Gumboro School,School,36849 Millsboro Hwy.,Gumboro,,
SC-182,The Wading Place,Historic Location,216 East Front Street,Laurel,,
SC-183,US Army Radar Site 11,Historic Location,33 Magnolia Street,Ocean View,,
SC-184,Milford's Struggle for Educational Equality,Social History,612 Lakeview Avenue,Milford,,
SC-184A,Ellendale's Railroad Square,Historic Location,E Railroad Avenue and Main St,Ellendale,https://archives.delaware.gov/delaware-historical-markers/ellendales-railroad-square/,https://archives.delaware.gov/wp-content/uploads/sites/156/2019/06/sc_184a.jpg
SC-185,Delaware Breakwater East End Lighthouse,Historic Location,43 Cape Henlopen Drive,Lewes,https://archives.delaware.gov/delaware-historical-markers/delaware-east-end-breakwater-lighthouse/,https://archives.delaware.gov/wp-content/uploads/sites/156/2019/06/sc-185-2.jpg
SC-186,Harbor of Refuge Lighthouse,Historic Location,43 Cape Henlopen Drive,Lewes,,
SC-187,Harmony United Methodist Church,House of Worship,27270 John J. Williams Highway,Millsboro,https://archives.delaware.gov/delaware-historical-markers/harmony-united-methodist-church/,https://archives.delaware.gov/wp-content/uploads/sites/156/2019/06/sc_187.jpg
SC-188,Governor Joseph Maull,Notable Person,106 Union Street,Milton,https://archives.delaware.gov/delaware-historical-markers/governor-joseph-maull/,https://archives.delaware.gov/wp-content/uploads/sites/156/2019/06/sc-188-2.jpg
SC-189,UNASSIGNED,,,,,
SC-190,Blackwater Presbyterian Church,House of Worship,33117 Omar Road,Frankford,https://archives.delaware.gov/delaware-historical-markers/blackwater-presbyterian-church/,https://archives.delaware.gov/wp-content/uploads/sites/156/2019/06/sc-190-2.jpg
SC-191,Sailor's Bethel United Methodist Church (Bethel),House of Worship,7752 Main Avenue,Bethel,https://archives.delaware.gov/delaware-historical-markers/sailors-bethel-methodist-church/,https://archives.delaware.gov/wp-content/uploads/sites/156/2019/06/sc-191.jpg
SC-192,UNASSIGNED,,,,,
SC-193,Georgetown Train Station,Historic Location,140 Layton Avenue,Georgetown,,
SC-194,UNASSIGNED,,,,,
SC-195,Mount Zion United Methodist Church (Laurel),House of Worship,28312 Seaford Road,Laurel,https://archives.delaware.gov/delaware-historical-markers/mt-zion-united-methodist-church/,https://archives.delaware.gov/wp-content/uploads/sites/156/2019/06/sc-195-24.jpg
SC-196,Milton Public Library,Historic Location,121 Union Street,Milton,,
SC-197,Stein Highway,Historic Location,877 West Stein Highway,Seaford,https://archives.delaware.gov/delaware-historical-markers/stein-highway/,https://archives.delaware.gov/wp-content/uploads/sites/156/2025/09/sc-197-25.jpg
SC-198,Town of Ellendale,City / Town,501 Main Street,Ellendale,,
SC-199,Governor James Ponder,Notable Person,"Mill Park, 114 Mulberry Street",Milton,,
SC-200,Edward Redfield,Notable Person,107 Delaware Avenue,Bridgeville,https://archives.delaware.gov/delaware-historical-markers/edward-redfield/,https://archives.delaware.gov/wp-content/uploads/sites/156/2019/06/sc-200.jpg
SC-201,Town of Millsboro,City / Town,322 Wilson Highway,Millsboro,,
SC-202,St. Peter‘s Episcopal Church,House of Worship,200 2nd Street,Lewes,https://archives.delaware.gov/delaware-historical-markers/st-peters-episcopal-church/,https://archives.delaware.gov/wp-content/uploads/sites/156/2019/06/sc-202-2.jpg
SC-203,Hope Lodge No. 42,Social History,102 West 6th Street,Laurel,,
SC-204,Home of Major Henry Fisher,Historic Location,624 Pilottown Road,Lewes,,
SC-205,Civil Air Patrol - Coastal Patrol Base Two,Historic Location,35721 Airport Road,Rehoboth Beach,https://archives.delaware.gov/delaware-historical-markers/civil-air-patrol/,https://archives.delaware.gov/wp-content/uploads/sites/156/2019/06/sc-205-2.jpg
SC-206,Delaware Breakwater East End Lighthouse,Historic Location,Cape Henlopen State Park: 15099 Cape Henlopen Dr,Lewes,,
SC-207,Governor Joseph Maull Carey,Notable Person,Intersection of Coulter Street and Federal Street at entrance to Mill Park pathway,Milton,,
SC-208,Carey Storehouse,Historic Location,302 Union Street,Milton,https://archives.delaware.gov/delaware-historical-markers/carey-storehouse/,https://archives.delaware.gov/wp-content/uploads/sites/156/2019/06/sc-208-24.jpg
SC-209,Chaplain's Chapel United Methodist Church,House of Worship,13099 Deer Forest Road,Bridgeville,https://archives.delaware.gov/delaware-historical-markers/chaplains-chapel/,https://archives.delaware.gov/wp-content/uploads/sites/156/2019/06/sc-208-25.jpg
SC-210,Saint Mark's Episcopal Church,House of Worship,110 West State Street,Millsboro,https://archives.delaware.gov/delaware-historical-markers/st-marks-ep-church/,https://archives.delaware.gov/wp-content/uploads/sites/156/2025/12/sc-210-25.jpg
SC-211,Governor William H. Ross,Notable Person,202 North Front Street,Seaford,https://archives.delaware.gov/delaware-historical-markers/governor-william-ross/,https://archives.delaware.gov/wp-content/uploads/sites/156/2019/06/sc_211.jpg
SC-212,Home of John J. Williams “Conscience of the Senate”,Historic Location,104 West State Street,Millsboro,https://archives.delaware.gov/delaware-historical-markers/sen-john-j-williams/,https://archives.delaware.gov/wp-content/uploads/sites/156/2019/06/SC_212.jpg
SC-213,Ocean View Presbyterian Church,House of Worship,67 Central Avenue,Ocean View,https://archives.delaware.gov/delaware-historical-markers/ocean-view-presbyterian-church/,https://archives.delaware.gov/wp-content/uploads/sites/156/2019/06/sc-213-2024.jpg
SC-214,Menhaden Fishing Industry,Historic Location,500 W 3rd Street,Lewes,https://archives.delaware.gov/delaware-historical-markers/mariners-bethel-united-methodist-church/,https://archives.delaware.gov/wp-content/uploads/sites/156/2019/06/sc-124-24.jpg
SC-215,"Rising Sun Lodge #4, F. & A.M., P.H.A.",Social History,516 Chestnut Street,Milton,,
SC-216,"Golden Rule Lodge #17, I.O.O.F.",Social History,112 Chestnut Street,Milton,,
SC-217,Milton Museum,Historic Location,210 Union Street,Milton,https://archives.delaware.gov/delaware-historical-markers/milton-museum/,https://archives.delaware.gov/wp-content/uploads/sites/156/2019/06/sc-217-25.jpg
SC-218,The Delaware Railroad,Social History,105 High Street,Seaford,,
SC-219,David Hall House,Historic Location,101 East Third Street,Lewes,https://archives.delaware.gov/delaware-historical-markers/david-hall-house/,https://archives.delaware.gov/wp-content/uploads/sites/156/2019/06/sc_219.jpg
SC-220,Conley’s Chapel,Historic Location,22150 Robinsonville Road,Lewes,https://archives.delaware.gov/delaware-historical-markers/conleys-chapel/,https://archives.delaware.gov/wp-content/uploads/sites/156/2019/06/sc-220.jpg
SC-221,The Blizzard of 1888,Social History,2 Shipcarpenter Street,Lewes,https://archives.delaware.gov/delaware-historical-markers/lewes-blizzard-of-1888/,https://archives.delaware.gov/wp-content/uploads/sites/156/2019/06/SC_221.jpg
SC-222,Site of Reynold’s Church,House of Worship,23241 Reynolds Pond Road,Milton,https://archives.delaware.gov/delaware-historical-markers/site-of-reynolds-church/,https://archives.delaware.gov/wp-content/uploads/sites/156/2019/06/sc_222-2.jpg
SC-223,Hearn's Pond,Historic Location,22281 Bridgeville Highway,Seaford,,
SC-224,Endeavor Lodge #17 A.F. & A.M.,Social History,302 Mill Street,Milton,,
SC-225,Sand Hill Church,House of Worship,18497 Sand Hill Road,Georgetown,,
SC-226,Rosedale Beach Hotel and Resort,Historic Location,Crepe Myrtle Drive,Millsboro,https://archives.delaware.gov/delaware-historical-markers/rosedale-beach-hotel-and-resort/,https://archives.delaware.gov/wp-content/uploads/sites/156/2022/05/SC_226.jpg
SC-227,The Tina Fallon,Historic Location,5126 Woodland Ferry Rd,Seaford,https://archives.delaware.gov/delaware-historical-markers/the-tina-fallon/,https://archives.delaware.gov/wp-content/uploads/sites/156/2022/03/sc_227.jpg
SC-228,The Cannon / Johnson Kidnapping Gang,Social History,25701 Line Road,Seaford,,
SC-229,The Studley House,Historic Location,220 East 6th Street,Laurel,,
SC-230,The Coursey-Daisey Burial Ground,Historic Location,17541 Shady Road,Lewes,https://archives.delaware.gov/delaware-historical-markers/coursey-daisey-burial-ground/,https://archives.delaware.gov/wp-content/uploads/sites/156/2022/04/sc_230.jpg
SC-231,McColley's Chapel,House of Worship,18168 Redden Road,Georgetown,https://archives.delaware.gov/delaware-historical-markers/mccolleys-chapel/,https://archives.delaware.gov/wp-content/uploads/sites/156/2019/06/sc-231-2.jpg
SC-232,Wesley United Methodist Church (Seaford),House of Worship,22025 Atlanta Road,Seaford,,
SC-233,Gateway to Freedom: The Tilly Escape,Social History,120 Front Street,Seaford,https://archives.delaware.gov/delaware-historical-markers/gateway-to-freedom-the-tilly-escape/,https://archives.delaware.gov/wp-content/uploads/sites/156/2019/06/sc_233.jpg
SC-234,The Clayton Theatre,Historic Location,33246 Main Street,Dagsboro,https://archives.delaware.gov/delaware-historical-markers/clayton-theatre/,https://archives.delaware.gov/wp-content/uploads/sites/156/2023/10/sc-234-3.jpg
SC-235,White's Chapel United Methodist Church,House of Worship,15373 Coastal Highway,Milton,,
SC-236,Woodland United Methodist Church,House of Worship,5123 Woodland Church Road,Seaford,https://archives.delaware.gov/delaware-historical-markers/woodland-united-methodist-church/,https://archives.delaware.gov/wp-content/uploads/sites/156/2019/06/sc-236-2.jpg
SC-237,Captain Ebe Chandler House,Historic Location,13 Main Street,Frankford,,
SC-238,History of Lake Comegys and Silver Lake,Historic Location,20310 Silver Lake Drive,Rehoboth Beach,https://archives.delaware.gov/delaware-historical-markers/history-of-lake-comegys-and-silver-lake/,https://archives.delaware.gov/wp-content/uploads/sites/156/2024/03/sc-238-3.jpg
SC-239,World's First Nylon Plant,Historic Location,385 Woodland Road,Seaford,,
SC-240,Cool Spring Presbyterian Church,House of Worship,28842 Log Cabin Hill Road,Lewes,https://archives.delaware.gov/delaware-historical-markers/cool-spring-presbyterian-church/,https://archives.delaware.gov/wp-content/uploads/sites/156/2019/06/sc-240-24.jpg
SC-241,Milton Public School #196-C,School,201 Broadkill Road,Milton,,
SC-242,Belltown,,,,,
SC-243,Beebe Medical Foundation,Historic Location,902 Savannah Road,Lewes,https://archives.delaware.gov/delaware-historical-markers/beebe-medical-foundation/,https://archives.delaware.gov/wp-content/uploads/sites/156/2019/06/sc_243.jpg
SC-244,Mansion Farm: the David Robbins Homestead,Historic Location,26285 Broadkill Road,Milton,https://archives.delaware.gov/delaware-historical-markers/mansion-farm-the-david-robbins-homestead/,https://archives.delaware.gov/wp-content/uploads/sites/156/2019/06/sc_244.jpg
SC-245,Temple Lodge No. 9 A.F. & A.M.,Social History,125 Causey Avenue,Milford,,
SC-246,Town of Blades,City / Town,"Nanticoke Marine Park, 26 Market Street",Blades,,
SC-247,Woody's Diner,Historic Location,38218 Dupont Blvd,Selbyville,https://archives.delaware.gov/delaware-historical-markers/woodys-diner/,https://archives.delaware.gov/wp-content/uploads/sites/156/2019/06/SC_247.jpg
SC-248,Mt. Calvary African Methodist Episcopal Church (Seaford),House of Worship,25206 School Road,Seaford,,
SC-249,Richard Allen School,School,316 S. Railroad Avenue,Georgetown,https://archives.delaware.gov/delaware-historical-markers/richard-allen-school/,https://archives.delaware.gov/wp-content/uploads/sites/156/2019/06/sc-249-2.jpg
SC-250,Village Improvement Association,Social History,415 N. Boardwalk,Rehoboth Beach,https://archives.delaware.gov/delaware-historical-markers/village-improvement-association/,https://archives.delaware.gov/wp-content/uploads/sites/156/2019/06/sc-250.jpg
SC-251,Beebe Hospital,Historic Location,424 Savannah Road,Lewes,https://archives.delaware.gov/delaware-historical-markers/beebe-hospital/,https://archives.delaware.gov/wp-content/uploads/sites/156/2022/05/SC_251.jpg
SC-252,Transit of Venus Observatory,Historic Location,611 Savannah Road,Lewes,https://archives.delaware.gov/delaware-historical-markers/transit-of-venus-observatory/,https://archives.delaware.gov/wp-content/uploads/sites/156/2019/06/sc-252-24.jpg
SC-253,Blackwater Colored School,School,32137 Powell Farm Road,Frankford,,
SC-254,John Sudler Isaacs,Notable Person,11165 Cedar Creek Road,Ellendale,,
SC-255,The Vinyard Shipbuilding Company,Historic Location,10 Columbia St,Milford,https://archives.delaware.gov/delaware-historical-markers/vinyard-shipbuilding/,https://archives.delaware.gov/wp-content/uploads/sites/156/2019/06/sc-255.jpg
SC-256,Hebron Methodist Protestant (M.P) Church,House of Worship,18282 Seashore Hwy,Georgetown,https://archives.delaware.gov/delaware-historical-markers/hebron-methodist-protestant-m-p-church/,https://archives.delaware.gov/wp-content/uploads/sites/156/2019/06/sc-256.jpg
SC-257,Town of Bethel,City / Town,7750 Main Street,Bethel,https://archives.delaware.gov/delaware-historical-markers/town-of-bethel/,https://archives.delaware.gov/wp-content/uploads/sites/156/2025/12/sc-257-25.jpg
SC-258,St George African Methodist Episcopal (AME) Church and Cemetery,House of Worship,391 Pilottown Road,Lewes,,
SC-259,St. Stephen's United Methodist Church,House of Worship,101 East State Street,Delmar,https://archives.delaware.gov/delaware-historical-markers/st-stephens-united-methodist-church/,https://archives.delaware.gov/wp-content/uploads/sites/156/2019/06/sc_259-2.jpg
SC-260,Hiram Lodge No. 21 A.F. & A.M.,Social History,306 High Street,Seaford,,
SC-261,Stockley Tavern,Historic Location,26072 DuPont Blvd.,Georgetown,https://archives.delaware.gov/delaware-historical-markers/stockley-tavern/,https://archives.delaware.gov/wp-content/uploads/sites/156/2019/06/sc_261.jpg
SC-262,Rehoboth Beach Public Library,Historic Location,226 Rehoboth Ave,Rehoboth Beach,https://archives.delaware.gov/delaware-historical-markers/rehoboth-beach-public-library/,https://archives.delaware.gov/wp-content/uploads/sites/156/2019/06/sc_262.jpg
SC-263,Georgetown Speedway,Historic Location,22206 Speedway Road,Georgetown,,
SC-264,Bethel Community House,Historic Location,7769 Main Street,Bethel,,
SC-265,Children's Fishing Pier,Historic Location,212 N. 1st Street,Rehoboth Beach,,
SC-266,Rabbit's Ferry School 201-C,School,19112 Robinsonville Road,Lewes,https://archives.delaware.gov/delaware-historical-markers/rabbits-ferry-school-201-c/,https://archives.delaware.gov/wp-content/uploads/sites/156/2019/06/sc_266.jpg
SC-267,Milton Theatre,Historic Location,110 Union Street,Milton,https://archives.delaware.gov/delaware-historical-markers/milton-theatre/,https://archives.delaware.gov/wp-content/uploads/sites/156/2019/06/sc-267.jpg
SC-268,Jack Lewis,Notable Person,600 South Cannon Street,Bridgeville,,
SC-269,Seaford High School,School,500 East Stein Highway,Seaford,,
SC-270,Frederick Douglass School,School,1 Swain Road,Seaford,https://archives.delaware.gov/delaware-historical-markers/frederick-douglass-school/,https://archives.delaware.gov/wp-content/uploads/sites/156/2019/06/sc-270-25.jpg
SC-271,Israel United Methodist Church,House of Worship,20230 Plantation Road,Lewes,,
SC-272,Seaford District Library,Historic Location,600 North Market Street Ext.,Seaford,,
SC-273,Acorn Club of Seaford,Social History,600 North Market Street Ext.,Seaford,,
SC-274,Paul Laurence Dunbar School,School,499 West 6th Street,Laurel,https://archives.delaware.gov/delaware-historical-markers/paul-laurence-dunbar-school/,https://archives.delaware.gov/wp-content/uploads/sites/156/2022/03/sc_274.jpg
SC-275,Mount Pleasant United Methodist Church (Rehoboth),House of Worship,19940 Church Street,Rehoboth Beach,,
SC-276,UNASSIGNED,,,,,
SC-277,Woodland School,School,27866 Woodland Road,Seaford,https://archives.delaware.gov/delaware-historical-markers/woodland-school/,https://archives.delaware.gov/wp-content/uploads/sites/156/2019/06/sc-277.jpg
SC-278,Delaware International Speedway,Historic Location,37854 Sussex Highway,Delmar,,
SC-279,Elizabeth Smith-Cornish,Notable Person,100 Elizabeth Cornish Landing,Bridgeville,https://archives.delaware.gov/delaware-historical-markers/elizabeth-smith-cornish/,https://archives.delaware.gov/wp-content/uploads/sites/156/2022/03/sc-279.jpg
SC-280,Askekesky (Acksquessance),Historic Location,346 Morris Street,Millsboro,https://archives.delaware.gov/delaware-historical-markers/askekesky-acksquessance/,https://archives.delaware.gov/wp-content/uploads/sites/156/2019/06/sc_280-2.jpg
SC-281,Cape Henlopen Lighthouse Replica,Historic Location,Lighthouse Park,Rehoboth Beach,https://archives.delaware.gov/delaware-historical-markers/cape-henlopen-lighthouse-replica/,https://archives.delaware.gov/wp-content/uploads/sites/156/2019/06/sc-281-24.jpg
SC-282,Soroptimist International of Seaford,Social History,1100 Middleford Road,Seaford,https://archives.delaware.gov/delaware-historical-markers/soroptimist-international-of-seaford/,https://archives.delaware.gov/wp-content/uploads/sites/156/2019/06/sc-282-24.jpg
SC-283,Indian Mission School,School,27073 John J Williams Highway,Millsboro,https://archives.delaware.gov/delaware-historical-markers/indian-mission-school/,https://archives.delaware.gov/wp-content/uploads/sites/156/2019/06/sc-283.jpg
SC-284,Women's Suffrage in Delaware,Social History,1 The Circle,Georgetown,https://archives.delaware.gov/delaware-historical-markers/womens-suffrage-in-delaware/,https://archives.delaware.gov/wp-content/uploads/sites/156/2019/06/sc-284-24.jpg
SC-285,Surf Safety Line,Social History,1 Rehoboth Ave,Rehoboth,https://archives.delaware.gov/delaware-historical-markers/surf-safety-line/,https://archives.delaware.gov/wp-content/uploads/sites/156/2019/06/sc-285-24.jpg
SC-286,Rehoboth Beach Patrol,Social History,1 Baltimore Ave,Rehoboth Beach,,
SC-287,Jason Beach,Historic Location,15702 Road 450,Laurel,https://archives.delaware.gov/delaware-historical-markers/jason-beach/,https://archives.delaware.gov/wp-content/uploads/sites/156/2019/06/sc-287.jpg
SC-288,Block House Pond,Historic Location,422 Johnson Avnue,Lewes,https://archives.delaware.gov/delaware-historical-markers/block-house-pond/,https://archives.delaware.gov/wp-content/uploads/sites/156/2019/06/sc-288.jpg
SC-289,Poodle Beach,,,,,
SC-A1,Ryves Holt House,Historic Location,218 2nd Street,Lewes,,
SC-A2,Old Court House,Historic Location,200 Second Street,Lewes,,
,Wheelers Park,Social History,,,,
,Enslaved Africans Arrive at New Amstel,Social History,,,,
,Ogletown,,,,,
,Escaping Slavery on the C & D Canal,,,,,
,Zion Church (Wilmington),,,,,
,Nicholas Fidance,,,,,
,Ardencroft,,,,,
,Mason - Dixon Stone Marker #79,,,,,
,Fort Delaware,,,,,
,Williamsville Colored School,,,,,
,Peter Lewis,,,,,
